id,value
1,44580946.52649575
2,77705574.7101144
4,75596666.32833324
5,86842677.83649884
6,57963138.17587772
10,72226634.30772215
11,58037177.68931549
15,67769079.18064293
17,65879875.53922003
23,61785594.92775754
25,53802268.765031815
28,62962412.87584067
31,81329657.54209374
35,45806630.28409556
39,22196332.36219883
40,27196842.50634802
43,60868331.716653
48,49949989.271733776
51,36112446.381115235
55,56393296.503240295
56,56173679.87294773
57,34708220.34427865
61,50397895.22986496
62,52938443.97596362
69,36733535.825737424
70,31870955.21231157
71,35865459.87977947
74,43613488.80338177
80,42637612.59969436
82,42635890.42279621
84,41671322.47732949
85,39700312.3261503
88,38731274.75760473
90,33300477.827124365
91,31809697.015954446
95,31578921.27171866
101,33152716.324617915
104,13755196.974142315
111,32984627.145105805
113,31780662.93611198
116,41226431.56506682
120,36421418.23386053
122,37477404.01709014
130,30051884.201506376
136,31882670.798157427
138,29688869.588106923
141,22323222.169802222
144,26614215.49740103
146,22364665.957390115
147,19006022.152071994
150,17689221.235766836
151,30523583.015843857
152,4263119.987021954
158,20760617.921402495
159,27540997.55452375
160,28187667.848144628
162,32756861.825322267
168,30319509.18512008
172,28635577.272514448
177,29238222.399488486
181,28506941.398197267
183,34429065.647021644
184,32394755.05415604
186,29006959.711432
187,34004719.5217636
192,31110207.788326144
193,31421611.887026243
194,22604421.457391948
200,22927859.96304975
201,12423947.110650593
204,24731032.0322064
206,28233176.073320054
208,26853787.960061535
219,19693103.530610945
221,10902681.051518226
227,29336588.42701334
231,7076588.261424568
233,30262897.16175687
235,27033715.610361747
237,20770772.085676167
238,24411176.636306684
239,25407812.538291257
255,21073512.447912104
258,21101122.314129878
260,23467741.519789446
272,22647680.298181538
273,20103415.986298338
275,27211663.651457414
279,19075522.397295043
281,22583984.725162465
284,21648717.976581518
286,20212057.67258837
292,19407392.469270047
300,12652621.83618506
301,11782887.740523502
303,14223105.315428298
304,20452720.979523133
315,8691232.734317927
318,1962056.6148764985
320,17584110.33782597
322,21001892.19574457
323,23622191.679329023
326,24670794.729378954
328,23581672.499471877
337,21867868.643691923
339,20159285.364829797
342,20685274.786144163
343,23532782.06776042
360,17286952.95080767
364,20369266.74821641
365,17018369.92539749
367,18735374.214044753
368,15796078.133540822
369,12967343.747984534
372,15789620.060989574
376,19022548.35830522
379,17208632.7228833
380,21684953.08149977
383,14650317.869164413
385,10781490.321804231
386,13996293.122585518
390,15758468.445606751
391,15574885.508837696
393,15775590.751992917
400,9192809.960804636
403,8806534.285728259
413,19618849.96953272
416,19901322.3088239
423,15792644.819136176
424,17712370.222884458
426,13634619.967350073
427,18571983.83951392
428,12867726.044571536
429,19453408.59929076
431,11902892.079368943
432,18723242.57476003
433,17024426.958643924
439,8856648.70990837
443,15802550.127217228
444,19247518.028769378
446,18257003.122346267
449,19579071.439912967
456,16701485.08824366
457,13790514.900272347
464,13958484.736735629
468,17212995.00757853
472,12040731.789332483
474,15870139.336594213
483,11855659.661205553
488,13651851.597788319
494,13729873.951599456
499,9399814.697656123
505,11737649.00519176
506,14923622.222604062
510,13217217.114208441
511,10653479.315804176
512,5649930.973671199
517,9901683.611071348
521,13639420.7400963
522,9352801.43360405
523,13181979.029977215
526,12332368.981504062
531,9901683.611071348
540,1920350.63255367
547,5735007.45883974
555,16976422.458865408
556,18404098.873032074
563,3514289.1529154764
564,18906228.298078965
566,9584921.856106758
573,9285922.0502826
574,17533501.115721818
581,16887239.652366083
588,12411601.644280784
590,15690040.289940365
591,15957068.451810842
595,15162579.443081345
596,13507043.135643689
597,15964029.337274857
599,14094644.2508634
600,10225987.785178995
602,11520194.5945934
603,14484843.241765082
606,16371439.538796205
613,10596564.845709017
615,12080699.77337427
620,16989183.187864833
623,11723121.360511683
624,10059987.198992128
628,10558488.092536151
630,13467796.241457481
635,14466143.751636539
636,13740759.587720133
638,15631815.780045936
662,10216867.244939582
664,10972002.925440658
665,10372291.848408798
670,13219632.992312092
672,12633339.251844972
677,12300691.098193446
680,11653437.800387232
695,8476326.481565313
705,8371794.3404388735
713,4939349.293996424
716,3414871.778609284
717,6109302.242412051
720,13833237.174934007
723,12201659.311087795
725,15238025.534011185
731,7898763.544171598
733,7807332.654354584
734,12796302.020017728
738,14141493.985592805
740,11854013.63328229
743,13820415.544100098
747,13411810.590534683
750,12136974.428155525
752,11970080.965548886
753,8650893.94160643
756,10201452.578196764
758,10261681.076611385
768,16062768.74519296
770,11380868.846114695
772,9096791.451337365
773,10985773.903128697
791,12448335.981688362
793,14334911.526578799
794,9452440.807573149
798,11637040.442988377
799,8658981.221096123
801,14145709.456672212
804,14048371.728384804
805,12687383.008707087
811,10294289.757397074
822,11381635.928854862
824,12172266.990047205
827,10638304.272299659
828,10031608.103802571
832,10444860.485190572
837,12095731.617414879
844,9757152.94295018
851,8886795.362052156
852,9705804.633642983
854,9775313.325829547
856,11705926.886126427
860,10187117.886917518
867,6283469.361274374
877,9678624.99135406
880,6615574.381828934
883,9759170.888957515
885,7911050.018538598
889,11567486.60747824
891,7337134.988397839
894,3672433.521815186
897,9445298.95611083
898,9076366.857655248
899,4433785.413421547
904,10692465.86425807
906,10423938.662395801
907,7304839.58108015
910,8016697.102693982
915,778155.4372543358
917,8997870.319937045
919,11447445.706915626
925,6833896.304448645
928,6388539.526353317
940,3670071.317138914
945,9141582.720234899
946,8430719.74891913
951,8542497.579473767
953,11839882.484784408
959,4216676.731159085
961,7368465.190951617
963,5718973.722992695
965,5549361.871501383
971,4961502.201686572
973,6534523.613037794
983,4526988.314645069
985,9059230.988171548
997,5690171.695344091
998,6021133.48679573
999,8412321.768489398
1004,2498568.226987572
1012,6107786.222530428
1014,11792431.609079454
1021,4894862.773562046
1024,10410375.51128275
1028,10229166.998916969
1034,7643926.945614477
1037,5841268.230411721
1038,12496045.074598754
1041,8010248.963878753
1043,7018756.349022123
1044,13390765.977992631
1048,11292458.516854959
1054,14302330.89038071
1058,8716134.092523161
1059,6246884.336983837
1061,11390480.06876768
1068,2832625.0973820197
1070,6008645.895686234
1075,11512120.964391835
1076,3290621.799276652
1078,7967311.255937384
1080,8029590.477503298
1082,14509577.36238769
1084,2224683.143581774
1085,6534523.613037794
1088,11598141.64729804
1091,10875282.022009064
1094,12825737.755579516
1096,8297065.362051951
1099,8501609.672208464
1101,8437605.975232331
1103,8834800.525917651
1107,10532095.242537705
1108,9702495.246811723
1110,7182589.674206951
1117,9047239.719143271
1119,9891692.398332423
1120,8500800.236290619
1122,7034222.480549058
1130,15097684.459444808
1136,13062172.936151296
1137,7082331.733555695
1139,11586411.938877258
1140,10599571.142869718
1141,11820593.420393817
1144,9096074.778856725
1148,8242935.403445449
1165,8418896.860883577
1168,15496195.265349766
1174,10204022.940657843
1179,8777160.339641541
1187,10367073.416665336
1188,9485948.072432118
1190,3087921.4472192423
1196,7771661.626025341
1197,4232957.031000136
1200,8907116.031681977
1201,9699421.279705005
1203,4851864.390590885
1205,7910312.961319166
1208,8480576.382391244
1212,7816563.349755127
1213,7516989.08327379
1214,10315791.597708568
1217,7305440.2675400935
1224,5813441.901417974
1228,10074576.757820724
1229,6549388.119022657
1239,7469979.845359803
1240,7270498.1418800475
1247,10687547.16605143
1259,12002309.13890563
1261,8433955.44624301
1265,8997085.246812323
1268,8248253.367907611
1269,474608.35720904253
1271,13003968.903899275
1274,8249224.665491921
1275,7763160.890623129
1276,9644554.878626354
1277,3742146.287668006
1278,8075502.1286662
1288,6172106.722000786
1291,7222176.183498207
1296,8798247.117302792
1297,7767184.243946465
1302,12807200.68098128
1304,9823343.26018592
1306,7833981.061765144
1307,2907158.397111149
1309,2396367.669599082
1310,7961956.789295259
1314,6695277.298193129
1316,8254035.055247111
1317,13130360.464698248
1323,5090760.066241199
1324,8161705.137082331
1325,8228914.728155774
1326,1745708.2654517135
1331,5034288.128239025
1333,6108077.0094361855
1334,8023688.621678673
1335,7377553.312007503
1337,8408577.181811176
1347,10576022.899279397
1348,5514133.908481108
1354,7476752.329162945
1355,4671888.48363117
1358,9936649.598740283
1362,8424629.449371712
1363,6010175.531630016
1375,7832469.941633538
1377,8508530.802766325
1380,10752391.06642451
1382,6632661.189307607
1391,4688650.729520084
1397,6133003.052475641
1400,7359030.115935461
1401,6939074.452910788
1405,12432760.85104881
1408,6667395.950141415
1409,7240819.539636221
1411,7086339.822603565
1417,4910555.26680502
1420,13218038.104976155
1421,9018600.82893291
1425,5913116.46383126
1428,5460277.852207964
1431,10492832.334097533
1436,7282471.138520777
1448,5432795.263540654
1450,6254984.741299723
1458,6759316.576152958
1459,10525587.883352641
1463,5278854.234104487
1471,10965840.11601431
1473,7373847.2773199035
1474,7280291.688949248
1476,9615849.149553629
1482,7320389.366109437
1487,7271699.328293809
1491,9835335.725927709
1496,4194312.5085988175
1497,8879531.344790362
1498,10261765.151712827
1504,8432518.249527495
1507,9379213.12393145
1509,7421383.17187394
1513,6271737.470799247
1518,6587015.248170326
1519,5090760.066241199
1522,7880911.041791136
1532,8816422.160448158
1534,12970974.308467962
1538,8284597.102435091
1542,6764960.871600416
1544,7268107.862995528
1549,8113122.727780834
1558,7846147.368629856
1562,6657731.58198931
1563,6334613.485646468
1564,7520587.537119893
1565,3851019.21538321
1568,5287457.243184764
1569,6830608.064478369
1570,5165929.402644346
1573,5277434.239594106
1574,6933106.393147908
1578,6242342.0831893785
1580,9716623.323051246
1581,2607176.129648967
1585,6497970.279787221
1591,2714695.849235498
1598,5363245.666032565
1600,7121418.493543798
1609,7215679.604555511
1614,7300320.812162815
1619,7228231.217194171
1628,6671671.957182172
1630,7455842.822960953
1633,6050439.251328436
1638,6345543.926747905
1651,2682433.1090576947
1652,7468760.675808706
1659,6154851.559097969
1663,6650178.297422966
1667,1502841.4350203048
1668,7332501.500805067
1670,8620113.748146676
1671,8099635.509661425
1675,5803686.432865238
1678,6536589.035185351
1681,7295189.383936766
1683,6481914.3778985925
1687,7408894.631573205
1689,8776227.31642976
1690,6926335.455747885
1697,9678776.155856289
1700,6367202.957984727
1711,6447406.602533192
1713,4835974.395258138
1720,6067478.69688153
1723,9562992.099177761
1729,7803120.903448134
1730,6922891.037753445
1735,8178001.558889698
1736,7289078.449088911
1737,4958946.173399979
1738,6444361.722354099
1741,8191351.607885817
1747,7516029.345497099
1753,6236248.642221246
1755,7273897.571547028
1764,4913712.043566616
1766,9001548.610073224
1770,2623780.434066711
1775,4451024.322598168
1776,6108199.518758921
1783,7036851.49142266
1789,7842398.185873002
1794,7332501.500805067
1795,5463037.390876176
1799,9432186.346393803
1802,5507359.266331612
1805,458039.44957656635
1808,8389180.093857015
1811,5566322.0514822025
1812,8005309.128439705
1813,7656949.814218897
1816,7727633.730835128
1817,8489174.582989613
1820,810046.8188887147
1828,7209611.430319306
1837,8227340.95949572
1838,8459690.71025739
1840,4890826.205744552
1841,8924202.41431449
1842,9090265.032759478
1843,6073346.325409139
1845,7089414.30728521
1847,4497133.689899067
1848,6703443.2663214505
1853,5391504.055081827
1855,7989429.642936469
1856,7408917.981993769
1861,8980578.006573163
1864,7783520.719295191
1871,5821161.171628786
1873,4351516.2176882755
1874,9381854.564249836
1875,8218607.828142867
1876,6108199.518758921
1877,4386795.424073399
1885,7531690.18814515
1887,6555271.260367425
1894,7644713.4156952
1896,8789241.282350112
1897,9081421.098238459
1905,6802325.749073894
1908,2790405.5725456965
1909,11108921.642282845
1912,5286041.1270200405
1918,11250021.121715877
1922,9806370.452683669
1923,7198582.70983924
1926,7756149.896740522
1930,5712045.702618905
1935,6538381.804777204
1949,5370957.730737548
1960,5543905.160095631
1967,6520553.348585517
1968,7509372.498616137
1969,4725503.40627479
1973,6134637.039906759
1974,5921806.298738066
1976,1973343.0198922688
1977,6376976.043584802
1978,9170130.354907578
1982,9067833.945787992
1986,4133038.6348655624
1996,6802400.806442425
2002,4646026.700630251
2010,8912429.811354727
2013,7348424.470977745
2014,4359998.132959335
2024,6088655.777204604
2026,1996749.475915385
2027,7279191.653455317
2028,5624640.733893103
2031,2095526.0355125982
2033,5620437.559660426
2038,7344814.175185836
2041,4161554.358988808
2047,5624640.733893103
2054,5501838.788073569
2055,7081741.826210036
2057,6599670.31938337
2059,5403468.175867809
2062,5627415.119174423
2063,6443285.499485578
2074,1253761.7499160361
2077,5746361.645181752
2089,6634090.729661108
2092,7205546.344776908
2095,4141819.815547345
2099,7274089.852950865
2108,6991983.585049925
2116,2871254.129302699
2117,8349260.762793479
2120,3599261.6829780145
2130,4962800.67931536
2131,1635900.7559391912
2133,5016783.161258975
2135,4941698.532742561
2138,2319608.596726945
2139,7577642.99076662
2140,7805576.01638542
2143,4346454.214108186
2144,5771480.740487348
2146,4971537.697054703
2148,1505709.6415021685
2153,6627733.83582318
2160,3174067.9031610577
2173,5767901.439800179
2179,5987952.279971174
2180,7420211.800920599
2181,2319608.596726945
2182,788966.3328278835
2183,2174512.2142867274
2184,6963738.645620712
2189,2698013.1831595767
2190,7115389.186871374
2191,7405542.249309196
2192,7355753.309694402
2200,5152364.829401058
2205,3416305.8776407386
2206,6233350.420961912
2207,6278857.198275339
2212,4561857.189204623
2215,1672507.9799525118
2219,5912055.25935243
2229,7196331.5598921515
2232,4964431.950990763
2238,5132166.212541261
2241,7611471.740134683
2244,3753327.472724401
2247,332933.3799047981
2249,6407166.117938956
2250,1054584.7550827046
2254,6141328.650322466
2255,5705618.4414995825
2262,6254853.2492568
2264,6342908.887118721
2268,7527035.559740153
2269,6358287.207386847
2281,2112394.6101188106
2284,7717848.360944478
2288,4397669.606769831
2296,5629040.461451301
2299,7245892.816776126
2300,7009336.699923855
2302,5982417.972149901
2305,8521681.34245468
2310,5107718.668260269
2325,6095580.276711452
2327,4542434.177329776
2332,6936622.990377553
2333,4497717.196363172
2343,6737112.516368481
2347,7723104.811668543
2350,4342018.8175781425
2356,6775126.319114692
2359,9440489.781426819
2365,4373492.577079175
2370,4268462.861517187
2372,7419168.992484551
2375,4975079.495148583
2382,5756154.682639299
2383,8115611.290785354
2386,4035506.378446999
2390,6528479.416522281
2398,3233213.5258472064
2403,6725672.205961991
2406,5354175.739321437
2411,4938170.9978010515
2418,3135886.036640242
2419,6169452.261943057
2422,6392385.048143278
2429,4631259.4601447815
2430,6408135.2543119425
2431,6410915.0102729
2434,5363752.350446586
2439,5966325.577295837
2443,6223501.495622376
2445,9611556.695127193
2449,7270380.883298709
2452,4356529.378194159
2456,5854006.07783646
2459,8060780.008965499
2465,5436578.37392733
2476,4425111.307384315
2485,5693316.989239835
2488,2972472.2130279443
2490,7038074.993506052
2491,6377907.218147483
2492,5522974.46786119
2501,2090215.6207344737
2503,6507484.17394283
2506,5681021.743872979
2508,5464552.853241078
2510,3248566.0442287065
2513,7323558.249478274
2520,5432083.979786221
2521,4567662.095955652
2525,6627519.279043135
2526,1240718.0030017963
2529,5254448.782005852
2530,3862198.9301094557
2535,1842404.5261133357
2536,3821548.2309627756
2540,240220.21312496645
2543,2040803.8077174649
2547,4633638.405726876
2549,860374.5585510727
2558,4289906.982519092
2559,3783750.210079575
2562,4735286.218815462
2568,900895.0726798048
2570,3904713.056578076
2571,3788239.8344923267
2573,1820569.3097380986
2575,3958086.2147816583
2576,3368259.0030317833
2577,3335282.6030437197
2578,3095377.780338144
2581,4578160.0870034015
2582,4168399.190080567
2583,5477458.919317507
2584,3909264.5557905473
2586,826133.8676669684
2587,4080937.593458056
2595,2647645.094098164
2600,4288321.379577326
2603,4168399.190080567
2604,4098688.5566164437
2605,3095503.995602449
2606,4483538.949862925
2610,5054332.025962949
2613,4411445.854728502
2630,5227624.239216326
2631,830596.089095254
2632,4875493.589216373
2652,4775926.1725370055
2659,3307097.4372551832
2662,5043717.408543703
2665,1725074.1059336693
2667,4901483.6493778145
2668,5572073.278914053
2672,3565261.015398211
2674,3036230.119387431
2675,3095503.995602449
2676,4313691.957536627
2678,3847891.4842135618
2685,4148292.000740816
2689,2554194.3310657176
2691,2638549.498285953
2694,4955679.973257225
2695,1820890.0875016286
2697,3535833.0129150357
2699,4618714.50977858
2700,3030609.2898145914
2701,2681267.9932143455
2705,3892208.1111013466
2716,2912184.622452111
2718,3243564.0716161043
2721,3253585.118508501
2733,4517594.662005857
2737,1842371.0749685627
2739,5937082.5099395905
2748,4202957.679510298
2749,3685588.721538228
2752,3793372.855223707
2753,2469543.4581907103
2755,829990.8494268227
2765,2280012.9836323233
2766,3095503.995602449
2774,3886204.1267689415
2775,3904713.056578076
2776,4950588.696950374
2777,2280012.9836323233
2779,3299469.163966736
2785,5231715.416661669
2786,6351752.510453624
2796,4652683.529862455
2797,2720302.7524584057
2805,4821520.638672853
2807,4756368.212627763
2809,6709469.9627952
2810,3078942.6619662098
2816,3293657.8289961843
2817,4264574.575661781
2819,5142495.258861451
2827,3951724.491298694
2833,3551289.9503882676
2835,5165626.90659405
2837,3641109.784933694
2841,4814873.49863166
2842,5048241.104971809
2843,5065014.265268884
2851,2983558.444359211
2854,5624145.001772715
2860,2972291.5165527617
2863,2482164.582626628
2869,3900004.7370554814
2874,1584682.6412999148
2876,1379468.2578540188
2877,4047446.2494935635
2878,3962119.0003525615
2882,6166792.803781548
2887,3216727.0887720934
2889,3948206.9700538213
2890,3572361.933264026
2903,4332575.911095021
2906,2234705.479116265
2910,5154665.398110417
2912,4995907.111126973
2913,3045977.575878021
2918,4421742.054786076
2921,3334353.050471669
2922,4811164.556747886
2925,6876102.741470025
2927,3741515.292843617
2930,3549306.572812068
2936,2926657.0807827255
2937,2186165.4087900002
2943,4677354.212900677
2946,626327.8265184967
2947,3109174.698022827
2949,506308.0285042341
2952,3599900.6971410876
2953,2624206.586693937
2955,3864418.668866177
2957,3176624.660042576
2960,3897462.218759915
2962,2463908.1323751477
2963,3892094.251340474
2969,5329422.205043165
2977,3095377.780338144
2979,3732346.4495394775
2980,5434866.847616538
2992,5063844.529889089
2994,5166319.135879194
3002,4007802.915143636
3008,6328659.08128932
3009,1501520.9813391846
3011,3231932.406194792
3016,4927731.300075862
3022,4520344.9379040245
3023,3886625.1561858673
3031,3862198.9301094557
3035,3566749.147575761
3039,4391745.555103393
3045,7532946.016842312
3048,3867857.4448485835
3052,2958381.7490926413
3055,5048755.635056115
3056,4651013.636393064
3058,1785103.6851144813
3068,4923537.0911451075
3069,5287563.424503945
3070,6488565.641010459
3072,4811973.499406568
3073,4917635.362176358
3074,5637792.443696954
3075,4234097.669773809
3077,5159409.975790064
3080,3615642.9351585708
3091,5503940.4719581995
3102,3346400.520622106
3106,3320383.5568728317
3116,3750605.522232449
3123,2203412.357052876
3124,3662157.6616022014
3126,3974472.9175003963
3130,3645510.8152310275
3137,1213627.4030692684
3139,1752209.8604450626
3146,4429303.341372049
3147,4105725.0979592116
3152,3695319.1907717073
3160,2825789.6711064856
3166,2891037.321068765
3168,3694682.7488630367
3170,3319166.5298354677
3172,4050252.4244396184
3173,5432969.3536182055
3176,713646.6122922138
3177,1623013.5670059056
3197,3351595.4140217467
3200,4191762.449617405
3201,4084120.9462155555
3204,4032109.6935227006
3206,4449418.396504643
3210,3226877.153633569
3219,2235134.4213450127
3220,2106023.718127121
3229,2174746.3101136535
3232,4700759.914129778
3235,2542084.4579979246
3236,2252976.1834777608
3239,1879317.047065542
3240,575904.3868352869
3249,3233748.603897291
3257,3947486.5898324735
3260,4931414.801304635
3262,4108363.9893486104
3264,1726271.4763298705
3267,3176894.907779068
3268,2509309.8791491524
3272,3570580.5649790326
3278,4091646.4550272687
3286,3057411.987387744
3290,1675805.3058993877
3291,2117848.487570437
3292,4316551.231397928
3293,2783649.8658039006
3296,1952288.3129410427
3305,2722109.200336876
3308,3073959.7136107865
3309,2802905.693926127
3315,2228727.362513733
3319,2389262.9142706743
3320,3118711.402712166
3326,4262683.654953341
3330,4148046.457042171
3333,2534924.470080671
3334,4941328.639399432
3337,3915310.261166913
3341,3199406.7531263856
3342,3558755.490106028
3343,2924545.798001234
3345,3572431.8484485773
3346,2906070.7417820417
3347,518644.9332897305
3355,3762458.2542391582
3358,1953930.109523499
3359,2400003.4160293937
3361,4987944.304389802
3362,4174683.1688383576
3364,689996.6769555319
3365,2060547.8324350072
3367,2580063.8967890986
3369,3908019.1935368036
3374,3999119.8190754713
3386,2359709.426020933
3389,1466293.9648541366
3390,2722109.200336876
3395,2801425.4077846413
3403,3911733.915349919
3410,2446395.5192218125
3411,3381545.6030055736
3413,1994307.5589366278
3417,3717131.140013829
3419,4211630.414050742
3425,1473176.81954565
3426,1470178.2790775343
3429,638036.7784193627
3433,2840286.834828068
3436,4154947.7681275797
3445,1474638.071061352
3447,2884606.4107990214
3448,4084611.031957038
3454,2619716.546452204
3461,2543712.2824342605
3468,3870894.509598042
3470,2235134.4213450127
3475,1994307.5589366278
3482,3325123.6386630964
3484,3047797.63357033
3491,6401631.890391383
3492,307162.897069716
3496,1959406.8823651164
3500,3606064.505612862
3514,375254.6903555125
3524,3889847.1865060152
3526,3891826.9951370237
3527,4200905.734530453
3528,2989604.717464348
3532,4164903.6395248612
3534,3959623.103262532
3535,2922513.874431543
3539,3931293.5505006053
3540,2523058.0684764786
3555,3251015.043440495
3563,1846417.0784146732
3569,1779199.216340601
3572,3955783.771983149
3575,3572431.8484485773
3584,3062589.543209906
3588,3758294.4540614444
3597,4019306.6768141654
3598,2724051.0505108777
3601,2139594.2739681588
3612,4046087.698927502
3614,2853993.6983388304
3615,1559849.2089941397
3618,3903358.066892842
3625,2215514.075772355
3655,1035651.662013168
3661,1959156.2083816591
3665,4044641.381292317
3666,689996.6769555319
3675,3351595.4140217467
3683,5992136.0446501495
3685,1742130.62829806
3688,3606459.4690776365
3690,5013504.135331858
3697,3000600.5635586334
3710,855712.1059069822
3716,2555585.0500906794
3727,2754318.277898082
3738,2149130.5689075436
3745,1731647.827953648
3749,4961759.482802549
3754,4863345.782601931
3776,2385632.872834691
3778,5581126.1139627
3784,3706102.208689113
3786,2139594.2739681588
3788,1904816.559769105
3791,3620976.728271733
3803,3458602.3381663165
3809,4255822.823350485
3811,2241301.6641706093
3817,2902357.6323459954
3820,3309170.5333841634
3824,3487749.6988823307
3826,2309875.662290946
3829,609613.3748797076
3831,3315652.705336303
3832,3255198.553711961
3836,1491534.1455065962
3845,3056450.9835285125
3846,2528321.390905613
3848,2784812.798387736
3849,2339029.9554864853
3857,1804682.3123682772
3859,2302004.953224255
3861,2501246.618735654
3867,3172664.600316724
3876,2265121.825701551
3877,2046437.2092449097
3878,700749.7857898967
3883,1830941.2267682329
3885,2415480.1116295126
3889,1856013.8052575903
3890,2305160.7092593517
3891,2874811.02228204
3913,2291469.0063377116
3920,4045518.1744111916
3922,1601345.2861417988
3930,2265674.1730420175
3931,3138360.186660091
3934,4482895.995378628
3941,2947263.563660787
3942,671267.9218148956
3945,2309024.61145454
3950,181483.64971581058
3951,1155632.001204213
3959,317255.67214160727
3960,969708.1689046373
3962,1352541.2776548173
3972,4782257.682292193
3982,1807830.993665863
3984,2757288.5611391026
3986,1867353.2746626034
3988,2941310.0588971167
3989,3523840.948386637
3990,2615620.430770484
3991,2334900.001000564
3995,1712625.5666033493
3997,1871750.0532403232
4000,2654819.7277102033
4002,2128447.2786688698
4007,1821686.5823327913
4010,2582194.769556255
4012,3067165.053594231
4013,1622126.5686811525
4019,2216715.657556242
4028,137090.08984213707
4032,2411698.965344117
4035,2459149.2702451022
4038,1930454.9088827958
4040,3379124.845934253
4042,2289804.1680365573
4046,3069322.767327263
4054,2577368.7158546336
4065,3837101.7832626565
4073,1598064.9561477024
4074,947893.56156316
4084,1700804.9200777372
4106,2358104.6796521223
4108,1157319.89063775
4109,1279210.5848733021
4110,3738311.7061966043
4111,2325214.538107286
4112,2757288.5611391026
4113,1479971.7379936494
4115,706253.0388289
4119,1967025.6682728422
4123,3049183.69739891
4129,2127576.808483471
4131,1658552.461633745
4133,1292923.8364438084
4138,3097374.3518621856
4143,2008809.358908626
4146,2008809.358908626
4151,1653855.2396381823
4161,947893.56156316
4163,1930454.9088827958
4166,697974.2336042292
4168,2480540.4629133
4171,1802588.320628685
4180,2113619.5985564124
4185,1774159.391989157
4189,3051146.3510713927
4190,1267535.9680290285
4191,2390159.1786795915
4197,1733969.4808032294
4201,1708906.6008023135
4208,2458047.4433279126
4213,1609978.8315487697
4219,3569886.3149168836
4221,2948602.2778424583
4226,1329448.5461134983
4233,2375245.984394265
4241,1390931.2627679298
4245,3494414.9467959986
4256,2245331.9920519902
4261,2474708.932568695
4262,3320324.708803087
4268,325591.53986094065
4274,267474.6716815014
4278,1712625.5666033493
4279,2109142.487374809
4280,3233550.5703237895
4289,2309024.61145454
4291,2842198.333787967
4294,2551965.0534511143
4301,3005949.750854881
4308,2389649.2099977215
4310,3270396.4381347643
4312,2477673.655398854
4315,2514079.750579728
4321,2748317.0919835833
4325,1901577.0938155476
4326,1983567.0038485937
4327,1803000.50696646
4328,695947.8318610246
4329,1992789.7768006718
4341,1779533.8469671998
4343,1961723.7379828414
4349,2510468.4092339193
4350,1329448.5461134983
4357,1990103.509747245
4359,1835983.213165864
4362,568645.7876233805
4364,1702016.8403860372
4366,1878711.6353327574
4369,574873.0998656453
4376,2991476.7917644493
4380,2856671.329319982
4381,2401230.9341772324
4383,1279210.5848733021
4388,1931968.606361386
4395,4026379.8972542016
4396,2903055.0047816928
4407,1519558.4072928713
4414,2376723.961686086
4415,1565557.7777877725
4416,3486639.820356217
4419,702815.1806743793
4425,2358104.6796521223
4427,3024863.435670764
4432,1702016.8403860372
4433,2454663.259648954
4435,3056450.9835285125
4440,3202868.756960393
4441,806895.9470040412
4443,1593191.4720977992
4446,3989032.200643251
4454,3082330.5710854973
4462,2011140.03063927
4474,3081459.941871037
4481,975472.6915743159
4484,3948669.0070766388
4489,1776651.3735947805
4491,1851037.1779965495
4492,2449103.175010831
4505,1546357.0010754229
4510,1323719.3960485833
4520,1967716.6030333196
4521,2203821.109967078
4522,2194251.8262112625
4529,952094.1619386388
4531,1582598.125407342
4532,1867857.903421262
4557,2111212.1290729027
4561,2253248.0298097273
4562,2159319.3590773493
4564,1513985.109674679
4566,1004271.6148978604
4571,2440028.9259209763
4581,2404486.25225945
4584,3606148.6381305372
4585,2069027.5088448904
4590,2045400.9048162934
4594,2044294.7060621323
4595,1341456.4869768275
4596,1807060.0290027908
4598,1942291.0298460843
4601,2111212.1290729027
4604,3172568.603211383
4605,2928295.672220772
4610,2016822.6777100668
4618,1652764.3186771441
4619,2131627.0369390445
4620,1238237.070005498
4623,2700443.822005963
4628,1521011.7809022435
4635,1666049.7453049524
4645,1280785.0277856328
4652,2452184.628509432
4654,1376623.388776622
4655,2440028.9259209763
4656,1999807.3757214202
4657,667679.2678399198
4661,776946.5454688461
4662,1257974.3344180353
4663,729945.0057027829
4665,1995055.7106757208
4670,2001463.0646447232
4671,2024266.7423133075
4672,2222927.081166818
4675,1250346.3800582045
4676,1373564.3340311234
4678,2277498.691047434
4681,1183078.851472443
4684,1725813.8852208958
4687,1183078.851472443
4697,2756480.569166365
4705,2046502.9046644692
4707,2022013.9938338709
4714,1825317.648608994
4715,1830721.384449119
4717,1453403.4630281099
4721,1351228.4120025332
4725,2096464.8753675853
4726,1581429.9982836023
4730,2453384.724577375
4732,1833797.567455251
4734,1836464.0226852158
4735,1480496.5889361296
4741,1886375.1864125286
4750,2136808.41553275
4757,1512205.2807270314
4760,2120621.655819086
4765,1578608.5919020292
4767,1178895.367108167
4769,1652493.1445293094
4770,866017.8119934616
4773,1410501.7972510275
4775,913660.2771407181
4779,1922186.811006513
4783,3732717.6050756723
4787,1390493.204879151
4794,2083384.4761359312
4796,2442517.912076982
4797,1499275.123956367
4801,2126017.187699126
4806,1859925.3967019776
4808,2418837.443500148
4814,3274422.1075805016
4820,1663533.0787707586
4825,1826903.742186394
4828,2110680.5032644807
4840,990341.2013261971
4844,2478808.4947560746
4845,2047850.6355215919
4846,1820637.1443430528
4851,2483048.180288718
4862,2492291.0666642976
4864,1635273.1670585135
4871,1932266.9213178803
4872,2514828.4121311214
4874,1453403.4630281099
4877,1328143.7549998015
4878,1807060.0290027908
4886,819740.3298820229
4888,1408638.5992201092
4893,1453403.4630281099
4900,2368057.556200229
4921,2073399.225171884
4929,1395987.0426961042
4934,1782061.1481372593
4935,2108061.6453353865
4938,983754.2788679071
4949,1572861.0579545528
4951,1594670.8409497652
4952,1468663.048676579
4955,1915247.8363217572
4963,2479664.0323738237
4977,1539198.3918663603
4984,1835702.0444996108
4987,1391113.2402912502
4991,1593800.463911115
5001,1108143.8365589187
5002,2375605.890791471
5011,2238587.2214186843
5012,1759995.377020809
5015,1941235.6418861016
5018,1120649.3607016844
5022,2591866.617268777
5024,2049314.5926423988
5027,2683471.8809097833
5031,2111212.1290729027
5042,1891843.2212387826
5043,3684236.998603811
5044,1388495.7643029063
5048,2452109.6909039016
5054,2405685.652953927
5055,2684752.573736101
5056,2519405.2359339776
5059,1367084.0365510422
5065,1183078.851472443
5066,1731350.0035374763
5070,2528610.2350095953
5072,1604463.0587047373
5078,1412036.4133834324
5083,718745.3230438865
5100,2312589.5612199106
5101,261943.85038122072
5104,1280785.0277856328
5106,1962920.3098568846
5107,1552495.10226005
5108,2106780.0948627694
5112,1560892.8252563616
5117,2417378.069707333
5118,1459730.423331956
5120,2113234.3166436823
5124,1437547.5231878208
5128,1942280.3758327141
5132,1657706.3272603187
5134,1529105.3777071934
5137,1915247.8363217572
5139,1577133.2465020814
5141,2641249.2320407773
5147,1711325.3385931742
5148,1417166.4867853872
5158,2110502.976517122
5162,1427918.446684757
5164,3782156.3650332997
5170,1081393.3002308155
5171,1624572.0183865395
5176,1843127.3417583888
5180,2058343.6562087727
5181,2166101.439657458
5182,1536828.3998074057
5188,2047200.6230037645
5197,1996219.2986178056
5198,2444847.148766106
5201,1804901.8795370685
5215,517006.57120133995
5216,2406141.4300098596
5217,2098522.6250194665
5220,1506442.6946798211
5221,1725813.8852208958
5223,1949153.4881927578
5226,1449663.0635103397
5227,2340983.345303641
5233,2259089.7959472933
5239,1985550.8254123318
5240,3094151.8746833196
5242,1670175.0238557763
5243,3270071.5588172697
5245,1886375.1864125286
5247,1341112.0721469636
5252,1706342.8169576954
5255,2525878.4925250923
5260,1969020.1553561515
5264,988001.2257641378
5269,2670244.0973251676
5272,1401452.552250531
5276,2015870.1856351052
5282,1635713.5991102592
5286,2248017.746678546
5290,2030306.043807663
5291,2407516.2214556504
5296,2072296.122127016
5303,1749138.9445140732
5304,1463720.6977231596
5309,1716511.4590635833
5317,2465627.2201708746
5319,2290302.573214103
5322,958056.2447047085
5324,727368.6945886973
5325,1219777.159252812
5329,2635611.066772182
5330,3396058.7531311153
5333,2998377.9347359915
5334,2975274.390830853
5340,1192179.6894114781
5342,194107.8088642363
5346,2363787.3474542913
5349,1597988.5063112464
5350,1556186.2098915703
5355,2431130.515784361
5360,1594066.9818748948
5374,1348421.0370774579
5376,2750845.438396707
5377,2277143.996752373
5389,608460.5640389815
5393,993783.7883998579
5395,2018803.1254076338
5396,1556186.2098915703
5397,2684912.3262266438
5398,948927.1467335151
5399,1317184.7206053955
5401,1665177.2992145051
5402,1588040.3910827832
5405,1162121.24989301
5413,2116089.968626841
5417,1194136.9541198802
5418,2013372.3120155686
5419,1241446.4650534
5426,830370.7088960888
5429,584944.1585589075
5431,1060169.7068189168
5432,1115952.5591810148
5436,1469005.6749834558
5439,972439.0250360636
5440,692151.7294558429
5455,585736.1304174933
5456,974378.746773074
5468,837084.9322409279
5469,652251.3440816108
5472,698777.0629315145
5473,806357.5409581739
5475,1244250.6579194167
5481,419441.5447422955
5482,1034612.4997055726
5490,699494.0512472292
5494,1107893.32820959
5499,1732218.8337057529
5504,1039835.2211090317
5513,238780.59699563315
5528,1042434.1842268956
5535,1558049.9595329098
5542,1056136.5126461657
5543,1107893.32820959
5546,861685.2859155929
5547,1127999.9522933988
5552,471399.11711442337
5553,572091.5996581994
5557,968327.3472806774
5558,1246818.202481803
5566,1262786.6718614018
5567,785053.0459840752
5576,626979.2101697231
5583,833424.844090749
5585,247590.23610870534
5590,949802.0722757163
5594,246288.8557306509
5602,1597633.4261279837
5603,962692.0297155719
5610,860434.058503683
5620,1019919.1674594745
5623,1033782.0461791292
5641,1370483.141073174
5647,1221721.0604803357
5649,1013832.4902321859
5660,1377993.4775617903
5661,1265262.066830424
5668,962692.0297155719
5673,1243316.8776184784
5675,700642.9440320979
5676,1057967.998848974
5682,1174606.6853167475
5686,1144844.3794373358
5689,567543.1876559121
5696,840899.9478293399
5713,1368682.840240106
5715,1725432.4530611052
5717,1015704.7327079971
5724,645704.1443342502
5729,1007763.5016623971
5733,989596.9150501494
5737,2354864.6519516613
5740,660179.071289245
5741,894849.8401588299
5750,1016721.4300940754
5758,852203.5856360296
5759,1189373.6390909136
5763,1205195.958267363
5764,955527.4747814176
5776,1248978.9652210951
5777,862078.425996198
5780,794207.3442809032
5783,844521.1913785068
5784,1135759.89148895
5788,1139078.7321211617
5790,963409.6249445854
5792,569104.1617908201
5794,1309635.8777031936
5799,606980.4027935182
5807,1110326.9826110527
5808,1056136.5126461657
5812,318252.5670176018
5813,1317252.8386840685
5819,1316574.0749263486
5824,1031152.323301065
5826,1141812.4343960013
5838,1412793.1877787847
5840,1204969.7290584904
5851,1206335.145579834
5852,1052859.5561192834
5861,1228913.9192406884
5863,772388.0542543588
5870,1226365.0518331507
5871,816811.0879709036
5872,1075449.8553026505
5878,1505544.4707872246
5888,479584.55295521615
5893,1172879.9734423487
5902,1266124.9675792817
5905,1589736.9436948926
5907,1310857.8440821865
5909,836533.3278287874
5922,312193.0773832831
5926,170151.92946452316
5929,1337431.3392437536
5933,1481527.6010430022
5940,1304315.210167719
5948,624258.697222319
5949,689509.3866447259
5955,572091.5996581994
5956,318252.5670176018
5959,1331669.4271264647
5962,654263.9264892151
5963,1153884.7808384148
5965,537950.1724404262
5966,1358263.5780493484
5968,1508799.7803752976
5969,963091.0922690027
5970,1133609.3547225331
5971,1959969.8120117341
5972,780073.6070736824
5974,1384797.5679125118
5975,1266337.9604723316
5977,1293092.2802815835
5981,1683980.0396794693
5983,1748271.73594743
5986,1136210.5059931194
5988,897263.2521472762
5990,1022895.6710741621
5997,1018320.6318760117
5998,727829.132388454
6002,700643.160622755
6008,841774.9617573791
6010,756986.0317638357
6013,442867.53409655765
6016,165691.12191968458
6031,789243.7942798032
6032,1415798.2202246625
6036,822058.6819562995
6037,702384.2160425144
6038,1331463.9177800217
6041,1318405.5754050533
6046,814975.1253833937
6047,836578.5092034885
6058,901273.2338128947
6063,692151.7294558429
6065,716548.0222508694
6066,1578041.6907102345
6081,1097091.1056511851
6085,1059478.7989822882
6086,1029923.4957757463
6088,877327.194449266
6090,1491608.7705154407
6093,693477.26201342
6095,779704.9075802148
6098,1212131.0997867682
6099,1240063.7672226469
6104,971885.6850879141
6105,1021922.9376639074
6111,1683980.0396794693
6115,1455470.294533304
6116,1298342.5171951102
6122,995486.1114943482
6131,1031514.451929386
6135,1447010.7576172994
6136,1573615.0640337626
6140,686681.5721568194
6141,1155647.362811702
6142,1106606.7093284607
6143,626979.2101697231
6144,1056136.5126461657
6145,1302874.50192903
6151,1045135.6973905874
6152,700642.9440320979
6154,1074014.4123659017
6161,573070.3671742025
6162,1201904.4959298999
6169,984811.0551884527
6170,1322009.3978877917
6173,965216.8047421329
6181,1411895.9350327703
6184,1106606.7093284607
6185,947315.4625491804
6187,856270.129453327
6192,1343589.1314584587
6194,956334.8266349171
6200,1696298.0194803267
6202,1490818.2618210732
6203,828282.8826308867
6204,828088.672867101
6212,1373206.5225936058
6213,855118.7511539549
6215,322051.0212415914
6217,1026781.3887495939
6218,1071579.8714322657
6221,1727155.9016573145
6226,1668692.7281667131
6227,2089958.6304216804
6228,873529.4956845568
6229,675276.2308649513
6236,846083.8907367437
6237,310066.018369197
6238,1775919.218609708
6245,1397722.6170160403
6250,1176651.1681450077
6252,1219542.689590849
6254,1644891.8326121648
6258,1471448.269680998
6260,1566990.477256823
6262,327286.1292925739
6274,1129980.7654334586
6281,819374.6928458076
6285,927733.3325396614
6288,1183395.8192555085
6300,962692.0297155719
6302,1206276.2791011364
6307,1026409.3358019609
6308,1263959.9369206731
6311,423546.4325304605
6317,1772149.857924066
6328,1301301.1808799768
6331,907999.5510787414
6333,971677.9981595409
6335,1224388.590913976
6343,944927.9284172731
6344,1420850.60781863
6349,202733.63031412096
6353,1055635.3484110606
6355,929356.747758575
6359,784255.3257368511
6367,1125161.0980749468
6368,1476347.701703713
6369,974535.0913644838
6370,996079.6733660654
6373,1142648.9282357604
6382,853528.9837043411
6385,998050.188351343
6386,871966.2028065526
6387,735812.7984237052
6389,665871.2270256167
6394,1370279.0856542015
6411,456149.0419300776
6413,1224103.6896952852
6417,953454.6070640939
6423,734296.5756172856
6425,1210959.3213497715
6444,461949.48925562424
6449,1479719.956372188
6455,892953.6320380144
6460,1114368.5679849193
6467,921047.172550124
6470,699418.661168846
6476,944711.7779342816
6479,1074007.1884565174
6480,1679419.6494316692
6486,488926.154794559
6487,1187619.7971700404
6493,895811.2515786903
6497,935126.4824484418
6499,948502.3277835923
6501,610884.951623184
6503,520517.6547926812
6505,626836.3802494826
6507,810135.9971868399
6511,908871.3182479326
6512,887344.9570902103
6521,1065990.769680339
6522,905443.3241036101
6532,873941.374433171
6534,738930.5573735172
6536,364531.92318896734
6538,838985.3767119099
6541,875861.868128079
6550,1111517.7776588325
6561,456585.0048442801
6564,1607794.5771246222
6569,616340.3297821296
6577,871052.1527437612
6579,598148.6732489786
6583,887344.9570902103
6587,1029991.6716575868
6592,965079.8922773029
6603,263292.7470898823
6607,1231614.1649534104
6613,948832.6600452352
6626,819080.2595114039
6647,660404.0478255884
6650,1095585.1920768619
6657,990430.6608084872
6663,774700.3684806745
6672,1322913.4849421978
6677,598148.6732489786
6678,893943.2623262899
6681,661587.9736804591
6683,663408.0214617351
6685,735599.6464107219
6689,597061.8207090782
6691,706729.6278493719
6692,868577.2991766569
6699,1128132.790203761
6709,492702.3686465548
6719,689867.6854584973
6731,493599.2523396224
6738,1025076.7143909801
6739,884829.6560440814
6740,852692.9517803552
6746,919609.7738377093
6751,1006610.9554573471
6755,684318.3420113226
6756,925413.3237172334
6757,965253.4758611805
6768,1043338.0399007528
6779,1171781.0926026565
6780,804367.9050098392
6782,1406981.7338310294
6783,1098986.6697352775
6787,1287991.599186609
6788,666446.8597576778
6795,1022108.2299499429
6799,905443.3241036101
6804,847592.2337239451
6811,1956226.9771414374
6813,341913.7307564451
6814,949009.0650481681
6816,987869.6282157832
6824,832728.0356617534
6825,210427.86138912267
6826,364686.4185066325
6827,606559.2380238186
6835,1073725.8777738449
6845,1122002.916259019
6851,723081.827380901
6852,1343464.756675769
6858,855354.5083447197
6862,847592.2337239451
6866,870107.2319164383
6867,929444.9980015259
6868,783596.2759935225
6880,944711.7779342816
6883,847592.2337239451
6899,1206516.1716560337
6901,1045705.6881319847
6902,1048401.1397494589
6907,881983.5599215045
6914,1113599.1933134175
6916,1166016.4160731663
6917,655597.4966529965
6932,962169.9655480166
6936,1412162.3850985866
6947,941880.6808696033
6949,893497.6900112901
6950,1042671.0410781559
6954,823547.5736545274
6971,1615159.1826822313
6973,1135016.505220165
6974,977815.276127662
6982,1410461.8962016776
6983,762785.5177879225
6998,1028255.006357489
7006,1211154.32298385
7008,778920.9026116662
7030,781685.79036207
7036,705596.1163349898
7037,665871.2270256167
7038,1069026.9923027244
7043,1906499.888849573
7051,1320681.9683518892
7053,1059585.2012474735
7059,929967.4702299539
7060,1467980.531570621
7062,809079.309802544
7067,1928030.6702750283
7070,1000364.0386277854
7076,1118907.8033295386
7078,1685497.9101766972
7079,56391.99576775643
7084,1009401.3372764109
7090,1017431.4107453971
7091,1082282.2970360392
7093,1544806.1226929035
7100,1078253.9881516641
7104,701419.7452863887
7108,764971.4275056608
7111,995995.3941505256
7112,850163.3405597672
7115,943011.1707857619
7117,672339.5617375766
7127,875567.0624749912
7133,701520.7301425369
7136,1177515.4035692154
7138,807554.052226775
7145,893083.4785848915
7146,744584.4713382486
7151,466159.4855766816
7163,922112.1083533972
7171,263292.7470898823
7173,776137.9291077496
7187,1738446.8854427522
7193,1284439.7413988472
7195,599745.8558593673
7201,1224204.795879628
7208,866377.8741933989
7211,780445.117699715
7213,449610.2379136261
7221,1206431.6515080768
7223,798419.6251092359
7233,1266164.3413453244
7235,700836.2664847916
7236,1124225.3090499952
7244,763194.6275145118
7245,1335911.8628274475
7248,772194.2902013868
7249,724857.7911736905
7252,721024.9492619599
7261,414064.3787321776
7271,1903446.5508000876
7272,786256.3037672907
7275,356684.35234983754
7292,753654.7792263543
7295,1200662.6934598691
7300,929655.7287653972
7302,814325.078344999
7304,588918.430372374
7312,732663.4044272144
7314,918119.003456395
7325,975119.0698880187
7329,1111121.7007311005
7330,949888.5337764908
7334,1232058.3487522057
7336,592302.6451584749
7340,226543.3965169434
7341,889974.9275390388
7351,610460.9269673497
7356,916794.9096391965
7360,572776.7819251234
7364,788876.8951549667
7372,667924.8019452882
7373,590339.495842803
7383,712733.7655399047
7385,212295.25863536046
7394,724310.606054431
7398,882577.8520808497
7401,355386.48273965076
7408,845334.2181368843
7409,1205840.945198868
7410,706707.9913964424
7417,1164945.538610069
7418,569520.3946291676
7419,682313.9200830444
7429,1115804.8937883223
7444,777008.2820472709
7450,1355619.0928722417
7454,894943.1955230655
7459,215120.75269223613
7462,784452.3059986079
7466,449716.22892841813
7469,907201.293435361
7478,312376.2999527384
7493,901515.0180385155
7502,383020.8114155253
7504,795811.3580016627
7511,613845.7762256644
7512,862155.9427683455
7515,217172.31298393325
7520,1152268.505052694
7523,112206.75906716177
7524,701222.0409585367
7527,1261265.9787370022
7544,675119.2792394805
7554,1643665.907026276
7555,1001064.2572358607
7559,784555.7719850603
7560,860013.3779801939
7564,1433709.6250945176
7569,1081815.8745571838
7571,1544919.8483876404
7579,1127604.3535578016
7583,951935.0730236832
7584,1000012.3063244686
7586,970089.6997995995
7598,1015905.1484895658
7605,1103045.7916121637
7612,620677.2365998974
7614,714266.1196408272
7615,766089.2714095146
7616,906481.9640693503
7618,782252.0915011894
7620,671671.1119518572
7623,1020750.0671082605
7627,763761.0123048242
7630,953048.5667286781
7631,679549.1704439354
7632,791581.7723884243
7636,833160.1596964564
7643,1096017.8488796044
7644,170792.98537265952
7647,968150.3362089982
7650,627859.5066184086
7651,669717.0801989395
7653,914613.3403479791
7657,225432.83959831114
7658,953406.918271672
7667,1092869.6106313495
7676,813820.3862627858
7677,937190.3221340708
7683,1241845.536584683
7689,948511.6272100223
7703,1184294.9407518778
7705,838099.8531579091
7710,493295.20074333705
7712,659993.2708923978
7722,711798.1440909138
7729,898682.2400637106
7731,867724.3999974605
7733,767929.8897067127
7735,606529.7760191017
7741,572390.6883877134
7746,726738.8189348195
7750,814719.8809317678
7751,592177.8924180019
7757,706042.941736954
7759,1411944.8564085911
7772,850574.3260118729
7773,807912.9075214785
7785,761003.7632191944
7789,1005434.5484656789
7801,1003582.9274166113
7806,986248.4353092263
7809,1354386.3030399277
7818,1071495.3378057354
7819,876546.6319860427
7823,587463.9505380448
7825,806655.6238474508
7828,995889.5298840499
7829,563774.2264970242
7831,552309.3671856959
7834,1003088.3015799492
7835,700135.1052431385
7840,800872.9761000109
7842,318483.7130453637
7846,1335653.5694750468
7850,1067274.918051462
7851,727772.9039645588
7856,702225.9524657772
7865,1262306.345981883
7871,855234.5186908816
7886,1074095.9932638805
7891,1099446.7565284593
7893,1197678.7713676614
7895,985216.3884966446
7898,987612.077025169
7902,815262.1002492431
7907,312885.8492216711
7909,761003.7632191944
7915,1168899.5750735546
7916,767022.6427655477
7917,891549.2263935092
7929,374782.87057244044
7931,165741.92376239083
7937,767815.8710810246
7938,741772.1805315823
7940,732891.042036875
7941,725373.1940666437
7945,637500.6933080356
7946,938159.2351776164
7955,782252.0915011894
7956,1079118.1628490086
7960,524779.6813206469
7961,1136143.6454627947
7962,742302.8028734312
7967,784868.9578098307
7968,905305.0017148415
7978,811212.5260199405
7979,95272.7126722045
7987,794758.285463033
7991,291690.0474376931
8000,1569913.1245840243
8004,613078.5355638863
8006,1166154.2459571557
8007,706637.6960441675
8011,789526.2954374285
8014,903125.3235920405
8029,1015353.4734451072
8036,1023105.3491253725
8037,429651.91374050314
8042,852800.590999661
8043,704190.9184864087
8047,716792.481063019
8053,1182428.4099597484
8057,598199.7439957791
8065,941955.858894196
8068,1514547.6419935664
8075,770998.3647962484
8078,1584693.6078370921
8093,521460.7749618326
8094,1077659.8099098231
8097,1257174.771066342
8103,1033446.5934543626
8107,844798.488476767
8110,227551.0931657096
8115,752601.095935479
8119,939076.0427183787
8120,835215.7763819766
8122,868523.9463451714
8132,839356.4279332631
8134,803789.3758946179
8136,654590.4521208267
8148,760454.5408948893
8163,941955.858894196
8165,1102487.0541073184
8177,631166.794924154
8182,995304.537017672
8185,592177.8924180019
8192,609967.7095327228
8199,1057884.4074843526
8200,680417.3234328859
8208,598199.7439957791
8213,818261.6250739533
8216,777151.740656445
8222,1080757.8961575434
8223,170365.7029439381
8234,1196518.6497993383
8243,256782.79019987516
8251,1399512.125663491
8254,369761.5083475453
8256,1002589.5638861621
8259,1267353.8782798778
8267,813856.4746948235
8271,889484.1648684932
8272,1094734.8972482649
8273,592177.8924180019
8274,523634.4660077093
8279,1091009.4044399085
8283,1168366.0970553823
8284,1219398.898145916
8285,95260.44841705375
8302,1016788.0523699205
8304,868160.7165768583
8306,994537.9551956867
8309,1087057.3434275764
8315,285931.0022244397
8317,626003.0067273141
8327,965323.0784195439
8345,930605.47536894
8352,492230.9044263649
8360,823842.2282265162
8362,1354838.7363829296
8363,809977.0559136214
8365,485924.25399796385
8367,650823.4550381706
8369,377564.09789351525
8370,530177.8547174826
8371,281219.8523149778
8373,679685.0679954636
8374,639608.9323587217
8378,693105.3997500547
8384,293503.8415637561
8387,746108.4916646824
8390,598954.4998531784
8394,547340.3111392101
8395,846408.600220671
8396,1130309.0600215339
8400,1185242.6145252883
8401,715208.5090995787
8402,970954.8393002789
8405,879430.4268156124
8407,595333.629176546
8411,906734.2305028759
8413,844649.0270381988
8419,1130662.4188021705
8420,606186.9638924415
8425,713571.8080199307
8428,274027.2112667581
8431,756515.9306861309
8442,648836.4985794586
8448,1087593.3387442406
8449,429263.2424546627
8455,333642.1442565114
8458,1278246.2205518116
8467,741790.2030201203
8468,424852.0892176704
8478,835000.1526778819
8479,1027060.4909083556
8483,848216.6760626534
8485,801218.3521584957
8490,705522.1734006898
8496,429263.2424546627
8498,956753.8592021288
8500,626003.0067273141
8504,769808.4059637068
8505,706724.8191058672
8510,1173124.432915581
8520,789678.9076156243
8522,490719.71217999177
8533,805375.4677100414
8540,1462879.8739039174
8547,842753.0042320642
8560,374056.5008375139
8569,759834.7627429429
8580,657085.2457744838
8583,1176803.7603226372
8591,673016.4287527849
8594,392074.085643917
8598,989171.4560202727
8603,1105060.53448944
8611,543320.4729115015
8617,1454921.3452697813
8622,886820.046117372
8624,782177.5726299565
8635,272241.989921552
8636,667218.6140152746
8637,774003.8744366232
8642,1023022.6963769523
8643,506435.5527145169
8644,897006.7782997448
8648,995010.6303131857
8662,230997.31348423887
8670,1195579.3134261703
8672,832999.5428164625
8675,1128108.029129666
8676,1059101.8167782035
8677,493458.51792496565
8689,830802.9377972455
8690,498712.71312820015
8691,597792.8637032673
8698,596245.4173406179
8702,824693.329106955
8703,878885.4031532501
8705,78648.84793632814
8712,661662.7647566407
8716,836415.9262231352
8717,746108.4916646824
8718,551582.320824581
8719,803427.1286096645
8721,405871.73038461735
8724,493339.2604757641
8731,783326.5975847434
8736,601463.4482524244
8746,282843.71567952045
8749,724020.5705617071
8756,832999.5428164625
8757,878962.5425678059
8761,325337.77335064014
8762,1290373.446273721
8763,977657.4365544922
8772,1054326.3067396681
8773,258711.81030719852
8774,680621.7160133702
8780,550366.7032085141
8781,1070989.6537043785
8783,633396.4773830188
8784,660227.3301850378
8786,882493.3250160477
8792,615762.0312544801
8793,859336.6037353694
8799,325337.77335064014
8800,249187.7170308889
8809,703086.003712074
8814,482068.5975928243
8816,292849.6675008131
8824,1099553.2834962795
8826,767152.6502746184
8829,617190.4603435181
8832,219208.0642791653
8834,758822.4059741775
8835,664768.3882121289
8837,848043.7289249584
8844,590118.5863120802
8846,775077.2603407786
8851,1074207.5351310484
8859,1014843.4205173807
8861,621851.2475336953
8862,665201.233642929
8865,407572.70742475276
8868,680621.7160133702
8871,928746.6534713497
8873,741343.2516848269
8884,482502.26202296565
8892,311865.4205940875
8898,268675.58839505963
8902,428331.2749235087
8906,666005.1224214821
8908,861007.9654030252
8909,423939.23673343414
8913,667510.8266395452
8915,1344466.0881699587
8916,783429.8656194904
8917,829254.4773264838
8922,907975.0489291429
8925,619234.050687082
8930,660749.2188592524
8934,768936.003715753
8938,389364.15463124897
8940,1027726.8365829157
8949,642492.8452958993
8951,1401195.251020629
8953,272241.989921552
8958,655156.5182389751
8962,558337.5140469301
8973,848043.7289249584
8976,805375.4677100414
8982,884457.050214275
8986,666200.236962238
8987,990351.3396983304
8989,789990.6563030954
8991,499384.04569917056
8993,159312.22252819187
9001,625448.3005633052
9009,746108.4916646824
9015,1041524.5337776003
9016,985779.783187224
9020,313597.29633885203
9023,898106.684186517
9024,1110515.118744209
9027,579529.8626825552
9028,504005.9885931482
9033,920134.1078034216
9038,636099.24529444
9042,827995.2781037431
9048,888619.8513033845
9055,650896.7714156649
9062,533093.1431895046
9068,972796.4549401616
9069,303925.453752244
9070,588830.008454762
9072,699108.1688162265
9073,514931.50186300406
9075,393329.15329342405
9076,576328.026353693
9077,612149.260632901
9079,586879.1942072938
9080,629316.3562531628
9082,702904.3200384671
9089,812460.4415061221
9100,798883.1917660366
9101,667132.6817899274
9108,579124.9407586273
9113,809521.4942337929
9117,823043.2186110519
9126,1201229.602985279
9132,488661.799770862
9135,535018.34282295
9137,892655.6160733039
9141,598142.9180247769
9148,789977.4800962387
9153,747931.1918222939
9159,789412.8019013556
9170,774649.9027487801
9172,185320.3706933158
9173,543320.4729115015
9176,738540.200517383
9192,249187.7170308889
9194,1084206.5094295242
9200,101250.72063900778
9210,312837.5492969607
9225,174012.71914714738
9231,897352.9248794599
9233,146375.11001644592
9237,1014723.0913311598
9239,621953.2575581113
9242,839872.0011314197
9247,1143048.4744503961
9248,854693.6162394645
9253,1027699.5446879297
9277,495025.82749086997
9281,680769.5950207713
9283,528518.9876092467
9293,685516.6025275141
9297,333642.1442565114
9298,789977.4800962387
9304,268351.800465624
9306,722095.0579303637
9309,581073.4536787098
9337,749817.0204465211
9341,848831.13254474
9343,644743.9291936987
9346,648435.7842524231
9347,677866.2674344599
9351,577510.9278805881
9352,906823.1469236888
9359,377564.09789351525
9365,854142.7091844365
9367,970954.8393002789
9368,587773.3630062083
9371,657085.2457744838
9374,434814.0077542999
9377,709435.2970985327
9383,1089240.4985670503
9385,837242.2823108197
9398,663086.128918084
9401,772523.8429132793
9405,856129.3136155675
9411,435566.7144695255
9412,687626.9729671398
9419,573120.8110320105
9424,211649.18057337363
9430,854495.190672994
9431,1073511.5043071257
9437,509431.12659780943
9439,625919.0409544837
9441,1129764.6984405138
9442,633794.2139535003
9453,577936.4608738328
9457,608313.646788092
9460,296809.2845586693
9465,929870.1788720804
9483,431560.57228248066
9484,428371.56643498084
9489,976759.4074133794
9491,959305.3687978613
9504,505359.38650103175
9506,683341.791847983
9508,540014.2422533587
9513,1052981.7095071496
9517,563476.5253077443
9520,906921.3988318205
9522,612434.7821727457
9533,1056085.4347336178
9542,1102590.9576356157
9543,334885.5375495216
9548,577543.9576972327
9550,363249.96444253786
9560,413866.5353551909
9563,661442.9862710949
9581,640493.0406065052
9582,310224.4872798798
9585,395952.1495028658
9589,720356.0612018999
9590,551316.0872867894
9593,821695.8616417813
9604,799498.9239901183
9611,733197.7161084458
9613,711618.3710943663
9619,466178.8203508727
9633,216970.07146611583
9638,364843.1906740285
9646,333139.1009045194
9654,585916.8090894744
9656,493699.4977499611
9663,795152.0802759874
9671,1041219.2858229433
9674,692923.1962569122
9675,697228.8474722607
9676,341482.72047787294
9677,641756.3483296486
9679,653319.3417267674
9694,123809.56937594996
9698,205982.40981118724
9704,591407.4751340835
9707,558770.084072751
9710,753729.584185896
9711,961515.5207333845
9713,877607.6516449105
9718,573762.2509146006
9723,449847.80664499325
9737,864004.2207176359
9738,724736.1307589434
9739,570610.9703680612
9741,566211.5524141205
9755,638275.273470533
9758,219820.19349376927
9766,747224.7687801651
9774,906574.3084304716
9779,561116.6553108908
9781,731124.3568670986
9787,682670.772559208
9790,520847.8989168365
9800,558927.9135075347
9801,591671.6385361066
9808,555695.895814843
9811,928207.333376943
9813,729372.6268315278
9814,563891.7658201215
9821,768399.3814221504
9825,368572.27432446985
9828,768890.2948273247
9833,403899.0522133499
9838,697228.8474722607
9839,487870.55569664214
9840,566211.5524141205
9849,729372.6268315278
9850,772886.1477634743
9857,404787.0773048381
9860,847522.2852503863
9861,1126394.6367769018
9864,544169.1689981462
9865,1105872.4899748007
9866,507093.9493341419
9868,686253.5585370273
9872,786718.5454358995
9880,539564.2464992604
9882,612069.7052733843
9888,613189.9974042458
9891,540310.4438140541
9900,471726.71120539453
9901,498552.7013413702
9904,558927.9135075347
9905,537644.3670629881
9907,392241.6885669291
9911,276254.8604040339
9917,437999.0349250743
9918,869105.5261720154
9919,623125.6392834254
9921,621048.4203860698
9928,606052.4287495398
9935,642184.2623010139
9938,537341.7182809737
9946,1083083.9015256977
9947,437999.0349250743
9959,611667.7863616967
9963,34471.40504326631
9970,566470.8439059745
9972,407278.6182010956
9975,554046.9404323106
9992,918489.6909704941
9993,567878.828847973
9995,901160.8011322758
10005,586630.8075785645
10017,683378.2033230085
10019,612509.5832113557
10023,406861.31571473106
10024,445064.5951925093
10030,1070884.0948276385
10031,479256.5307361592
10033,719429.1715398508
10034,471940.36102757964
10039,546413.4607621178
10043,586441.7394504424
10051,759452.7721841288
10072,609614.7148158312
10080,463125.7807378645
10084,621240.0480858823
10087,365332.4694517416
10101,608825.1945919733
10102,663936.6415642267
10105,498382.1387079321
10109,521368.6243534279
10110,587212.6238079148
10113,535774.3955436118
10116,615033.6137812311
10125,440798.48961018876
10134,717087.725018133
10141,771853.8142249233
10142,783244.0024511046
10147,576224.1806619936
10149,418273.14276695315
10152,618322.1311089796
10156,431679.7032945339
10162,575762.4129726954
10164,561466.1552028373
10165,540014.2422533587
10178,684454.7881816
10179,240651.81231754806
10181,646812.926201049
10185,556481.8116259923
10186,587583.8808332306
10187,789146.1804079034
10195,604383.8604050168
10205,458811.1996095481
10208,658597.1120411624
10214,140221.2329458795
10216,449679.194495674
10222,466388.2326389551
10226,393376.95967318903
10229,642245.7184382292
10240,618322.1311089796
10242,736293.2718064943
10245,674605.0906110783
10249,1082708.8498234826
10262,634150.1908860251
10266,560612.4793686445
10267,967116.5329885441
10269,153306.03131163277
10275,686225.3285599541
10282,561265.8540751288
10287,64834.80074000802
10288,597586.2403027449
10303,532754.1969336884
10308,819563.0867128625
10322,508327.22365167324
10323,458441.8092485399
10326,751593.9518960478
10329,641239.7427132342
10344,630418.1664289174
10348,481021.503428053
10349,483466.3273408229
10350,556930.5561938991
10353,803995.3064891702
10356,341671.78960854065
10362,544470.6574015358
10375,134785.2853457217
10388,390600.095483808
10389,597365.2922230993
10390,741813.3789449636
10391,578455.6143244201
10392,579330.8019656537
10397,623062.0469670148
10411,737471.3582736149
10418,134785.2853457217
10423,362894.0690468137
10434,504749.0956309705
10437,422853.55906891526
10449,56074.13160155345
10453,845636.4086114985
10457,516947.3242826808
10460,112580.76208619874
10462,51098.99889408248
10463,385868.1370366597
10468,521915.9603483086
10469,456444.917792191
10478,329950.6898310394
10483,342948.02979781205
10486,447933.05087857065
10487,643875.0357608701
10489,507405.330631119
10494,521450.63967647357
10498,497975.5512615667
10505,471609.189248214
10515,609479.1751119386
10516,596383.0096070946
10518,627041.3391999851
10521,768981.7399121446
10523,564081.3692129856
10527,925068.2540548876
10533,788855.58520467
10539,623062.0469670148
10541,425200.8974825321
10544,523698.6692344094
10545,542082.7254895549
10551,397708.4184691179
10555,497842.964260883
10557,468580.27984965016
10558,602717.3996205499
10573,792488.4805420892
10584,124799.2796003888
10591,330848.5290566331
10595,629845.0839570601
10608,449490.30458416604
10613,582765.0945588065
10616,521642.35637996823
10617,972136.5261348839
10621,578662.3890422601
10623,642589.1665675147
10629,348968.526115529
10632,509065.32527009596
10641,599055.4266916165
10644,971321.2131445105
10645,385725.2202901549
10658,659624.3313091067
10659,678711.1619726259
10663,523855.9826293948
10665,401261.826624435
10683,518120.9634592822
10693,389273.6234371117
10695,502538.4896451996
10697,436245.251898302
10706,479825.10099804256
10707,807045.5126322585
10714,855502.6673237452
10715,597579.9678280355
10725,386892.7819572168
10727,433278.27283770865
10729,112580.76208619874
10733,592318.3650722909
10745,556548.852696393
10752,537611.0597129036
10755,699967.8617235036
10757,464099.218568403
10759,423265.6380017834
10764,502219.1331102791
10772,623172.6822798174
10781,474314.43262508395
10783,768686.8279231003
10785,413604.16564009583
10789,397708.4184691179
10791,163563.96633563933
10792,377291.7195139322
10797,865797.2447264404
10801,493402.3437580198
10806,178734.9665088034
10808,538147.2177057387
10811,254479.04150080294
10813,346400.5477606279
10817,681047.9051556796
10821,453802.9180115755
10823,403345.82553757215
10829,682759.9220150103
10840,471125.79067106114
10843,597777.4803009685
10847,255779.71119239394
10855,856258.0335601073
10857,769607.5743473477
10861,344483.6766545617
10865,671164.2034116791
10866,297057.5541396963
10869,343522.49837589473
10875,364625.8522252075
10881,394275.5359957135
10883,332403.4479033576
10884,514176.6047877164
10888,416513.9930699371
10892,611085.2319624538
10894,634939.7581133312
10895,674562.7373522737
10901,596108.0583734039
10902,505320.6874842233
10905,782060.3097757404
10911,447126.69521773217
10915,609256.3081933492
10918,498777.19629930804
10919,447728.3429918741
10926,439883.619698405
10927,544516.1585156034
10930,666494.9965542703
10932,348197.41150737996
10935,309002.05627893104
10937,425623.22399036074
10938,423265.6380017834
10945,435657.69286257995
10946,406880.63863214327
10947,672445.5515362866
10948,765441.5360871449
10949,397258.1403722399
10952,977993.2872437661
10954,51254.34129688663
10959,497259.1583413791
10976,521677.15820542065
10977,815180.7319112219
10980,610530.6941919846
10981,455818.9502048778
10984,227814.96442361063
10993,296802.24975950824
11005,437984.126637674
11011,544477.6076487716
11023,515130.71874640783
11037,723677.5453514734
11038,379328.92618165916
11039,302351.58854044206
11041,469560.646439284
11044,386511.2442616052
11049,378998.8660558377
11051,701922.3390026857
11059,431508.6232557154
11071,589224.1051479721
11073,562437.1615325402
11083,365036.861759562
11084,867645.2239704677
11086,555080.710631563
11091,926229.7101186913
11092,543369.1704074421
11093,410989.1788097001
11097,521765.26478472236
11110,447086.7422293696
11115,493347.97698630823
11117,615878.7915927019
11120,413238.1917325278
11121,494449.55936414254
11123,652518.1187003971
11124,652096.6944795818
11127,451045.58342832694
11137,345100.8663293689
11145,423306.87224408874
11146,1085319.1178032164
11152,517163.97861804283
11154,673427.1905041148
11155,475938.5872590229
11156,883235.4977431947
11157,595567.5671201735
11158,254156.7770118267
11161,562603.5251149111
11167,603593.9692656441
11169,613048.0474416271
11170,583761.383328931
11171,296242.3105835578
11173,470885.0335431512
11177,466962.1616884524
11183,295640.57999732875
11190,774548.7964295523
11191,461923.91190852126
11200,272999.2765546658
11205,462764.8404307139
11211,675462.563397973
11230,446595.33736994903
11232,494183.4348814612
11233,443671.01518234855
11236,634784.2852712176
11237,693871.0435073324
11244,104851.20191105767
11259,601711.5704983193
11261,550500.6057049633
11265,475026.6846481395
11272,517879.9707268452
11278,713365.2528772169
11283,257704.3702024187
11284,603023.9803755289
11292,717573.1473256566
11294,393773.0312944988
11305,496527.2029566803
11307,464372.5980743122
11311,439087.6105093128
11314,578084.856217893
11320,332403.4479033576
11321,378799.9721386552
11323,662242.9494432601
11337,398551.1749029616
11343,475700.02201450034
11345,468908.4964607872
11347,629108.9800439127
11356,422201.3698537276
11363,368333.07350032165
11375,305054.6318398268
11377,318881.69872371684
11382,605408.0754782081
11383,635961.5813889984
11385,459232.6648065594
11386,416428.8923312561
11391,501826.8869836727
11399,494248.88694668387
11400,409750.8966469873
11405,562304.595731953
11407,527895.4548760033
11408,263697.23965755646
11410,122089.39029735542
11412,368900.26666898857
11416,713658.3934725348
11419,508919.12435353186
11422,554676.5087428398
11423,146725.65061641726
11425,425065.1633148475
11427,639773.6090480841
11432,392193.2525011396
11434,548999.9983735003
11436,270411.305227422
11440,351468.2172053716
11442,407624.7345195573
11452,601382.4997588122
11453,732129.643374655
11458,525309.8995800252
11463,146725.65061641726
11464,840376.9780354176
11471,403548.0919620733
11481,468124.8159872398
11507,271546.31766418205
11510,623364.1307656063
11511,627255.4087734738
11514,296597.51953620557
11515,594134.404172218
11516,561578.5107916136
11517,416321.2596491116
11519,581835.1255823685
11525,509016.1515269027
11526,417329.81481237477
11533,635923.2546898964
11534,469957.3732030111
11539,601989.0545964314
11540,307382.291511439
11545,448013.07643800403
11546,466173.56589271163
11547,757940.305698957
11551,228762.66736396385
11554,483163.1504324109
11555,303870.8742143703
11561,40299.358917293284
11567,523637.1704906787
11575,430054.33736230305
11578,339737.0175847423
11580,353479.4301550444
11584,346512.01309247274
11590,361465.73546002724
11593,500448.34189275384
11595,288757.5723789404
11598,338831.19822473807
11599,547048.4371589638
11601,87856.97997206857
11610,648661.496269719
11612,607585.5130067958
11617,141177.15138598508
11620,413724.89568527305
11625,473688.33677553426
11626,729043.6293137226
11628,338972.894432316
11633,431512.2754181959
11636,311823.45075844205
11639,450824.8411379586
11651,115939.48415889197
11666,467548.390323082
11669,385965.5766746318
11673,298611.9627338695
11675,397799.6357055568
11676,502479.27763913723
11684,595992.429370608
11685,692666.4762779375
11689,343154.8633042648
11694,483364.2656524657
11695,409773.5713449207
11711,417198.2003538337
11716,529032.1136898433
11718,280620.30923844833
11720,502479.27763913723
11722,480041.4094904789
11731,382250.1968413525
11738,469197.4522538296
11744,342620.2275801427
11745,448474.1420273731
11751,545034.1071116234
11753,367525.6989533956
11760,519580.09019756963
11763,385146.3440851234
11764,745088.9741293603
11770,490578.0712089089
11776,407624.7345195573
11800,539488.3335687439
11801,92751.48799728701
11804,362086.4717158524
11808,466222.37612372416
11820,594893.954335929
11824,421621.16818264336
11825,728208.7436697461
11831,396992.89724107774
11840,294996.7516408824
11841,519699.5042250332
11854,529032.1136898433
11857,635969.3705710853
11863,428438.15916132164
11864,717563.3443956852
11869,351579.8960454241
11871,746849.786884529
11883,469434.11986653274
11884,494248.88694668387
11890,367087.0920247233
11894,510897.3887871188
11895,430236.0451710193
11899,365811.5362093985
11905,537901.1800657185
11911,267237.33546310687
11917,317664.20349180186
11920,486211.1315780731
11921,753483.915745122
11926,143431.14919482853
11928,743430.813415727
11929,761755.905540523
11930,711039.7230484596
11935,457234.9742478193
11939,726968.7545253456
11942,413764.34532221826
11948,345641.18982305913
11949,255756.97869971447
11957,416375.524353562
11961,482172.2303702233
11962,314462.2683052107
11963,490812.54408684064
11966,469624.6218430774
11970,384017.4069257673
11971,243353.26954957793
11975,563250.8690278522
11981,462035.97470379755
11985,409052.2819283651
11991,502531.234493714
11992,607201.792946394
12004,250842.35481644864
12005,469197.4522538296
12006,527863.9391738588
12012,503691.75371531566
12017,632167.8311505342
12018,27032.635452703555
12019,466142.31010222493
12022,583529.4676603012
12025,354825.25066167
12031,281918.8626981313
12034,501185.8248484232
12037,509248.1577760244
12039,596007.2038550869
12050,466517.33735827066
12060,448395.55899389903
12061,467987.86981286213
12067,379150.07517630304
12081,400812.34642153495
12097,366271.3322415411
12099,756721.5430727641
12100,368611.7561423381
12102,219997.91669775618
12103,477204.4877087008
12107,510648.5426946829
12116,421240.27598646254
12125,307382.291511439
12126,633032.9028591847
12147,484660.20624620037
12158,366744.1267160315
12165,424121.24460969906
12169,605319.6077652527
12171,268504.2671770597
12172,457234.9742478193
12181,206525.80360799195
12186,429969.98680018523
12187,490812.54408684064
12189,706794.5867293768
12191,494130.0514037297
12193,485384.4219204662
12195,597841.1358722252
12199,545890.1561616533
12202,647244.400441722
12203,468732.2860434574
12212,394447.9064896752
12219,545431.6601807869
12221,558917.9397782023
12223,327663.65855628514
12228,394237.5841796352
12237,672014.2656044599
12238,350359.72253136744
12245,697129.3864527133
12246,313031.39932418044
12254,326082.5612275682
12257,657705.3405301478
12264,533884.0565134963
12270,525475.0443402694
12281,365919.32721946185
12283,166967.437055805
12293,481312.37097774557
12304,556743.0528811915
12308,355298.78578245017
12317,287333.25597544
12318,412272.6929965947
12320,255247.86736727203
12322,662407.2731896082
12323,382564.3754329557
12329,407558.4369811603
12330,334394.4284921891
12339,575145.6206641134
12340,343060.6275873696
12341,353908.11246165534
12346,406938.0121823707
12352,620158.7749643548
12353,346769.32836387807
12359,454034.38377387915
12360,345170.9440670154
12363,344554.76687596476
12365,384052.6348853042
12366,365849.5843276653
12369,659409.7975679863
12371,202665.08828362197
12379,337688.191530888
12394,633643.4906837849
12414,421438.6313569501
12415,377496.95250134397
12417,564899.2810893033
12419,333770.3024999889
12420,275370.7552249213
12424,256098.65628208444
12425,228856.5428227539
12431,246882.376363257
12439,480638.59748289746
12489,370009.2978759834
12490,627998.8364276626
12492,575983.4575238081
12500,469937.31227683043
12505,601321.8931230587
12506,282101.81366220105
12516,282363.8932770796
12519,556816.0409426525
12521,336439.5137716658
12523,396533.9785142344
12525,375328.9501481769
12529,312247.94670906337
12531,436524.5477981351
12541,369735.40831847786
12545,657668.4615239901
12549,244794.2607099825
12559,435335.67852862226
12560,632437.3577024793
12561,547042.1400089591
12566,614107.6432669738
12575,428466.7241740337
12578,514681.5613202742
12588,220693.5342088898
12589,289163.3256090042
12595,274577.0328872524
12599,443547.5342890122
12604,123406.15618852437
12611,226033.55908860068
12614,306634.0481341947
12615,443629.9805023632
12623,296335.3392628155
12625,97177.31872501603
12629,293265.2107287564
12631,560321.8571439544
12633,352306.66423053504
12638,405485.05959560984
12639,613178.0143160216
12642,269145.33030321536
12645,280626.7149144314
12648,344177.95765348384
12655,422574.1025090543
12656,329482.03460589447
12660,384063.2558432663
12662,291850.8597864499
12674,242802.9989563174
12676,413246.855262616
12681,562050.1157328343
12691,570079.5042936219
12695,412808.83415594796
12697,282714.9992474005
12708,296912.3988888796
12710,481512.9593532891
12717,97388.2599935251
12720,281205.87589831994
12722,409722.16725182894
12739,201600.29277552498
12743,506497.76983567956
12746,353196.4421526721
12756,120187.17076703698
12759,349662.55024543265
12761,244381.23622945734
12762,571790.1125060599
12763,322380.59534290497
12764,332293.99636568496
12784,333909.8610541525
12786,403377.2286302474
12787,365330.23488485883
12794,343196.7646607716
12801,405780.6475244744
12807,260872.99983692195
12808,435571.39538418065
12814,493466.81194915174
12815,615731.5830746628
12826,132114.1828016805
12829,280452.85066875885
12834,384159.6727112015
12837,302328.51101873355
12839,440480.43054119486
12843,487092.8668276857
12848,368877.618920682
12849,549869.1250427304
12860,355312.00390089443
12864,446432.4203928442
12868,496194.00224831316
12875,486329.4263067559
12880,401883.972505908
12885,287856.58397133584
12886,368877.618920682
12892,412873.56310810905
12904,318292.3046416865
12907,169644.56039556616
12911,296061.0204319846
12920,364499.6050610167
12922,395663.999906296
12928,574749.6745144334
12935,561219.7338658214
12936,298819.9792073438
12937,344909.49329227296
12938,620286.9629089937
12939,376760.5580725145
12940,396210.4820663137
12946,403196.0181930968
12950,612554.5520984294
12953,670599.8092015035
12970,123406.15618852437
12979,99805.97017268636
12988,291748.9357237633
12991,408758.275480752
12996,263742.7908251213
12997,269557.20057147223
13012,581098.05683298
13013,439441.78256032924
13016,259491.87658943477
13033,449363.62219160696
13043,263331.83859184454
13051,415053.58883253124
13056,447855.7138798119
13060,544094.2367057311
13061,319361.82517162466
13064,487232.5931643579
13069,591349.6880716028
13075,222703.83555885532
13077,657338.2360022339
13080,273199.286395972
13084,394551.1183329656
13086,380091.8805751205
13091,419888.74692870135
13092,510775.9618788445
13096,298449.2552388118
13103,387092.02871918964
13123,157839.86148697173
13125,192332.95235732294
13133,300173.7747919658
13136,482411.3232325034
13139,481681.6718318099
13140,146264.28139832147
13145,562314.0097226789
13146,394867.8428501877
13148,547696.715739704
13152,355461.6665955797
13160,332185.8433260575
13173,499724.9190493621
13174,462590.350606126
13183,159215.8524954321
13187,326132.9307410017
13192,111947.4694073013
13193,506050.00012505363
13197,496917.90565408906
13201,228268.24993817628
13216,297314.5631858572
13219,299888.6574632426
13220,468414.30440250854
13227,484887.0846597425
13230,307587.7044062614
13237,316202.7791360447
13238,59020.75620390366
13241,157839.86148697173
13244,399510.12472268386
13245,188673.48065721797
13259,188015.68248448463
13265,273876.2580002235
13271,370174.0038739619
13274,332661.62875665975
13282,493794.3196144318
13284,238574.00850313273
13287,281282.1496544857
13293,244551.50661263385
13295,463065.0356032641
13296,351885.892752391
13299,120423.32849252863
13300,240498.19057234764
13301,420589.7807737409
13305,401988.23512104753
13308,531956.2782599288
13313,305039.5323965972
13320,190071.52695580738
13324,313045.3894028205
13333,479281.2691734089
13334,267889.8267308553
13339,359980.94582244445
13343,350629.33759050764
13346,337205.46880293486
13351,311898.66340331075
13365,349691.95130982087
13368,512471.9147444991
13373,411034.0200378889
13378,141801.69545872766
13379,370288.1729282991
13386,373621.08156268514
13387,396936.2245504744
13396,390094.80021651014
13398,547696.715739704
13401,381418.23747822
13402,356378.18928555213
13406,202438.0841331354
13407,366590.1491747821
13418,406995.15076368855
13425,328956.78044890275
13438,419888.74692870135
13442,248608.99873846694
13443,187620.750997123
13444,250209.83282004212
13449,307869.9842051588
13453,345250.73088789894
13458,441114.0441576466
13469,441113.3963328681
13472,146141.62532428632
13484,506741.80741927936
13501,511328.61212257494
13502,104213.56703628317
13503,322761.3176171095
13504,306620.0818312425
13508,292259.49032446987
13509,491200.9756027387
13519,313228.3458012969
13520,493293.2345427602
13521,501703.3838902317
13522,514734.99339641625
13527,357938.0864156967
13530,375297.87037033535
13532,325762.3598743716
13536,363228.9412123301
13538,487742.60194533074
13543,470394.8880292658
13548,359214.31562698627
13549,355260.2315389979
13551,469246.6664165292
13556,358071.49319615494
13560,312659.35572790046
13561,245006.4871182107
13566,538363.5796637055
13576,502552.4368819696
13577,477092.7192771816
13583,393147.5221688721
13590,297920.0227991956
13592,282565.61185036413
13594,454528.1035355774
13596,452986.6439202608
13598,347219.2043172002
13601,298118.385337284
13607,240845.24072255986
13608,497427.858045547
13611,335639.48023167776
13618,275181.750260241
13620,448998.139105959
13622,480071.3797335237
13624,257011.19463043442
13631,92659.49986504826
13637,313159.1638052864
13655,274147.63971456815
13664,370174.0038739619
13666,576920.169296587
13667,265302.3748616391
13684,459220.4766422397
13697,294063.66335186595
13702,318249.4328179614
13704,201031.6373651067
13715,539174.4945809211
13717,353729.2606095212
13721,471252.4088475432
13723,505914.82026363467
13725,362784.871454662
13729,214058.5948158109
13732,312484.38051408884
13739,321380.4881202321
13740,409211.8942155209
13746,159684.6409289007
13748,282930.95640330366
13756,256382.74940954434
13761,167120.84545863338
13764,252460.50819826225
13765,393804.56692791946
13768,244019.38254628683
13772,279317.41722378216
13785,250175.52883049252
13786,152947.25450561155
13788,351514.73087366193
13804,346465.1352767155
13806,399877.3768059945
13808,283657.20791683765
13810,430656.8729522414
13820,334314.7442323323
13822,311309.07749958464
13826,376631.96139124245
13831,265670.5527366744
13832,403879.4103343817
13836,432964.9988142007
13844,275014.8494270381
13849,277923.9774371396
13852,249226.82178623558
13860,340551.4882343806
13869,243768.9721848431
13870,450821.8271423722
13872,302724.7057305621
13878,457799.17138029437
13882,207791.8829243207
13890,354215.3981092248
13891,289366.61123425886
13894,263265.5807179921
13898,361613.58300497395
13903,193518.4120697015
13908,190103.17293278145
13911,202368.77800286762
13913,252208.40745416487
13914,426796.7748455696
13915,307808.645049345
13916,237250.69870357966
13929,316908.6133249073
13935,313937.8813416911
13941,373886.3107568362
13944,259839.76926582708
13945,299532.9023834505
13952,304331.8360287265
13953,255682.02787454284
13960,187954.2861021783
13961,210498.98875271183
13973,412852.4397210975
13974,408584.09383352485
13976,363731.3093717715
13977,341612.9442675857
13981,322737.4356775005
13992,312350.16896600096
13993,125786.85005453817
13994,455328.83526708046
14005,287603.3988523272
14012,425642.1111331343
14015,239051.08588360724
14017,289864.8859611739
14020,274862.3790514567
14022,278965.3836387318
14025,346017.3039081188
14037,360028.6662172947
14050,331678.0831438893
14064,313091.44816624536
14065,186453.0473807627
14076,219104.7849965717
14077,274604.79683906806
14078,199863.09932486425
14081,270956.11648313014
14088,332731.4391860747
14100,241561.03390873797
14101,187832.75575955154
14104,437362.4841478191
14115,284275.13707484707
14129,375111.53016460617
14130,168218.25559224433
14136,397882.52728453325
14144,431387.01010892255
14153,205763.0095660887
14156,354831.6866040356
14165,189859.6073596649
14168,224731.38449582702
14169,245587.12299814288
14170,19758.13955872795
14174,269610.4018539731
14180,460350.59259641264
14185,316306.46736925707
14186,333069.98863578134
14196,129151.0848532981
14198,210182.5513333688
14211,451179.5973024732
14223,290540.82636169577
14227,330032.9301436172
14231,244065.94811404267
14235,411152.7418281943
14256,273233.37078214454
14257,204765.2584540598
14261,240049.5188738424
14263,302324.78704876994
14264,260771.75578238512
14268,234900.60709429064
14282,431794.777399034
14286,197125.7031385866
14300,449915.8105522099
14304,305549.5216200309
14305,301108.75420188386
14311,255699.84709796341
14313,429497.40724238177
14316,305549.5216200309
14317,372616.7675290656
14329,205619.7323200109
14330,156412.27127063824
14332,133656.4389277459
14336,272513.31149012066
14338,224404.65181846297
14339,239189.17430149994
14348,231669.007997947
14351,274697.11855579517
14353,178000.9347390564
14355,215720.75446525586
14362,227926.74872615395
14365,205503.13602401927
14366,146279.627096545
14367,190713.81592575312
14377,83450.1786891089
14378,131482.47226268408
14379,240989.35007850977
14380,314194.90423993143
14396,194192.57439523438
14398,211291.88059159814
14400,321687.97664553963
14401,223304.90947099854
14406,218904.3628898629
14414,218894.7719899372
14420,321433.12823371956
14428,164417.3096954942
14429,192849.2347895057
14432,242098.92126066884
14434,123418.64780038246
14440,278480.44141209073
14441,330505.3506118164
14446,230339.72924748954
14454,238357.14441593902
14455,127454.8400051411
14466,202115.458344252
14469,189581.0138207097
14472,170391.7284580585
14473,246969.90431530224
14486,69786.16069521155
14488,313732.75114526396
14489,304402.8986643818
14490,125103.57320583309
14499,191475.09780123673
14508,227193.51180373158
14535,218905.59588779332
14539,315786.23369417567
14541,261749.50359891102
14547,262929.20725214743
14556,189815.6935081999
14559,218904.3628898629
14561,261070.74355877322
14563,300420.1268812656
14564,215450.04696311316
14565,195575.25300541232
14571,295387.43403733394
14574,258241.40593139295
14576,242061.68778185005
14581,214556.00834499454
14584,261095.4694427509
14599,273859.6106997925
14606,174380.85260253583
14607,225844.9891971713
14611,253833.48307601703
14621,213272.90210339864
14625,215264.51515218453
14626,292269.30802235025
14631,158728.74597754827
14635,167773.03023098092
14636,21487.19915358479
14639,271002.8118855509
14649,176211.06518469797
14650,228066.69247076433
14655,331152.2701342963
14658,241350.6823042074
14659,155483.72447877828
14669,303951.9094511711
14671,300449.3596607745
14681,229665.08823945522
14684,209927.35083882872
14685,229495.51792484662
14686,189645.1778731906
14689,169057.28573748647
14690,199159.86751377815
14692,196929.84545346323
14693,238619.91852867193
14694,248778.0664107316
14700,311307.07388561894
14703,224655.34638273064
14714,167808.85619206063
14734,186737.81331398673
14737,267137.8996862218
14740,213544.04256344173
14742,146717.6753611925
14744,68177.71668304071
14745,215654.07060968218
14750,205760.10089740253
14757,187183.05715758697
14758,306032.8165234666
14761,189666.6288302506
14762,316028.99857226666
14771,252337.55451273263
14778,261188.91020582351
14784,171860.43521031705
14786,240914.89359002354
14802,176351.6169002192
14805,216574.41743697904
14812,236673.30137570592
14819,228485.371338807
14820,266804.3701944744
14826,117572.55322119508
14827,275327.3911894275
14835,26673.040256261018
14843,127507.87948623778
14848,176949.30379363723
14858,202434.83819212115
14861,169665.76910519192
14862,203743.21441075887
14863,173807.43930631867
14867,142067.7535591532
14869,222541.87478119714
14874,113994.89586646511
14881,177668.02933435468
14882,172422.35470572129
14900,159223.5539700234
14906,262935.7105261957
14908,150419.6702457572
14917,185015.41860210485
14920,196258.2905224498
14927,195681.16117667017
14930,23624.71153073509
14935,215455.9226575888
14939,289885.1924290093
14944,173578.09143998404
14945,192058.5129114508
14950,180734.06242610913
14954,218825.86310572946
14967,182527.59608834516
14968,216993.33972093335
14969,161676.6729378803
14979,134255.02909803443
14987,246088.90216421973
14996,183579.26178127385
14999,178321.68808572108
15009,146740.48390831653
15021,26377.99238809461
15022,222096.86415569633
15024,229696.60560211915
15028,160881.66756127437
15032,130810.44071841985
15036,198818.67307220516
15040,195142.82303880042
15041,309190.4490683257
15052,126164.44104936323
15053,192944.25277944174
15055,203596.1387118534
15070,221095.9171042148
15072,248922.2466686439
15073,200594.60039869288
15076,227644.62521452564
15078,174925.66130009425
15080,219752.21937729168
15081,118319.94523913064
15091,101785.69480229245
15095,163424.83485972093
15105,170747.77222649925
15112,168908.75041991568
15117,199963.15468655172
15122,64339.21172459244
15127,203517.79508318513
15133,180676.60267952966
15135,236694.05632133546
15139,140951.63683037917
15142,203729.10387202603
15147,161243.50485913947
15151,268971.6285045798
15152,223163.0892271507
15159,225972.16607688676
15164,225647.37338279106
15169,121119.04433863591
15174,116362.82911470783
15175,213237.56301714445
15180,206652.4639399478
15183,237065.32282721924
15191,221422.6033950891
15193,11334.470381983481
15195,152892.69574218197
15197,167214.7081019853
15199,163252.41960170423
15201,241054.6710062312
15207,213559.8198862027
15209,166480.06942670487
15213,216400.61454479495
15215,109386.25009980518
15221,125910.98760594944
15225,113237.19285123891
15234,142426.37607874753
15246,201185.52105982933
15249,198584.43975406233
15250,195013.28027649157
15264,171827.5291135984
15267,66930.41745273951
15275,149961.30630766464
15277,130187.81905692274
15282,163667.78954198465
15286,158490.27475998743
15290,118881.26431639638
15292,182481.60803152208
15293,98637.62021583118
15306,141259.2024096785
15310,174555.16085859196
15333,193616.42144075723
15334,194380.58539475623
15339,212051.45063370455
15353,215145.24044604844
15356,112507.61270259753
15357,214579.9914094126
15360,115273.63814998977
15371,226844.72359232898
15378,165058.23882018868
15386,166133.02688796842
15387,192034.97807718135
15389,157626.04462542766
15392,198933.12970210795
15393,187818.68253893012
15396,228769.5156100855
15401,131763.90886339592
15422,182043.54620295519
15431,214925.78199999468
15448,166959.91363858696
15457,199727.58112289506
15460,193765.36640721234
15462,139877.3707567126
15463,154864.5344227096
15476,221737.5452759503
15478,180480.8651201457
15484,164152.982542286
15489,144981.38696853723
15490,206180.5312032484
15493,11160.331482376607
15498,121425.31526866047
15504,111206.18072587952
15511,132909.84356413034
15517,190717.34487228372
15518,86424.05011374249
15520,117007.43057006186
15529,143002.6969560435
15533,180614.0332580607
15536,198281.32000085662
15539,174722.53718638048
15540,190095.19363391245
15546,207892.2951725457
15552,148646.1447497995
15563,91059.43413592388
15564,135960.98676473604
15569,108846.28475611674
15573,166614.90350248272
15574,173662.79805055558
15584,111180.5524526457
15600,110493.30327487901
15602,125095.19487017574
15604,107469.88551587907
15608,127975.56568333185
15612,131556.41241877252
15614,121990.9772779333
15615,87276.13392630109
15616,143597.02693036018
15621,173624.98916200464
15622,155101.7010245794
15630,163841.92075808582
15631,121488.38257037205
15632,178716.02872476532
15638,121598.94528165189
15640,165610.0281021641
15645,136342.2072288735
15647,91059.43413592388
15652,185544.18666930447
15670,105839.60953740684
15673,129725.92402572057
15692,159580.23644603093
15694,177424.85426078626
15697,178154.4271734391
15702,141470.83700532315
15703,192901.03298680205
15721,187431.26292289203
15722,135657.29784342612
15737,130317.38555908256
15738,116839.67031368727
15750,159194.94718756157
15751,189979.09949710246
15754,106097.46134882799
15763,142805.7082354431
15765,134295.46367793242
15769,123908.34277481324
15773,123331.15279183513
15777,141414.0921729756
15781,134362.1888907227
15795,155774.9455059411
15796,92884.0806656722
15800,21270.203094039218
15825,145803.48830040247
15831,148239.57255531923
15836,116371.38769084653
15838,122879.94964317439
15840,116796.96050312878
15844,119531.32702629265
15860,190089.8263718563
15865,101812.7288158568
15870,131005.67988476495
15871,142657.71486222465
15878,144979.82331605023
15885,134885.41589323385
15887,123702.12548957928
15892,108005.92083143444
15893,107526.42575783718
15897,182798.3132350696
15898,178687.85132317437
15902,162744.8190927772
15905,81965.83495971527
15908,113669.59624704797
15911,106260.16912688875
15920,118348.0781832197
15926,123586.30979852907
15932,142778.12542811708
15934,174371.13715468493
15936,170936.22110273747
15937,119604.06512276194
15938,151003.8335599301
15939,164232.17145939026
15951,156923.70270106843
15970,178808.18607850082
15981,91672.66553289439
16003,144463.57378472906
16004,137292.59468701616
16012,118282.00825335257
16013,173011.9169531043
16015,87701.89626273492
16020,151646.7400037781
16033,140994.34095615032
16036,174023.3160802346
16049,89596.61616805101
16051,151373.68285391576
16052,117692.25778373625
16053,183356.2490809774
16064,157530.0810034506
16067,165399.25905149482
16074,102278.57845579647
16082,103321.30485445993
16092,80681.63208207901
16093,182611.04828533097
16095,141872.0581655103
16096,185959.69372868797
16097,114675.65587486551
16100,147903.17398837247
16102,111554.16195889373
16103,175782.08218530996
16116,142080.5728787175
16118,134693.74058686092
16121,108656.1458283534
16122,104653.39140928141
16124,110370.60151575878
16126,143116.63292616938
16128,103286.60345022923
16133,91745.2595650477
16138,97230.98895100394
16141,130007.30952516387
16153,25071.113512170537
16155,119913.91822218464
16160,70340.39537136484
16163,136255.84578334045
16183,143633.40724198596
16191,86155.43229163376
16199,74745.62612365185
16209,122647.98239867235
16222,86191.02293057168
16226,142053.83298521355
16230,122302.45659139515
16241,133928.8793731869
16248,137972.22783915667
16259,124939.77829974776
16261,97855.8274355462
16263,137353.23330262591
16270,88055.72948835882
16274,139057.7144228738
16287,134693.74058686092
16296,131239.33313559013
16300,110334.95412701294
16306,103286.60345022923
16309,101368.77822857256
16311,134310.01559937242
16324,133815.9198045247
16328,143093.13951336598
16329,131438.38143523902
16332,82298.23552526347
16336,71157.56687781446
16343,128618.887386989
16346,118125.912573515
16361,50415.93492373155
16365,68615.41158250559
16383,83623.89841288481
16390,86936.99885187292
16394,124591.8223695922
16411,133557.46543952968
16415,99998.94737891616
16426,122578.19780546437
16428,133587.64912541624
16430,85928.55138865509
16432,116747.87869508954
16438,90624.3006504935
16448,116584.19418636822
16459,105651.00804942774
16463,63259.90292741047
16467,126368.25328663232
16478,78236.54885103686
16489,115237.60512229044
16498,124881.85566834277
16510,90870.35077643172
16527,90900.44239416817
16529,88286.25407405576
16540,96950.73802144831
16542,68828.70686212137
16546,60205.108224401105
16551,58565.33281529472
16559,87506.69433290458
16561,88145.1978276033
16562,102823.03427091957
16567,102166.3703284492
16568,96706.71201879975
16574,106129.87017775791
16579,93376.18857237126
16581,87891.008860143
16583,105833.8309278563
16590,71096.73549554673
16594,109634.5513222942
16596,101020.70893561939
16603,83913.3343242553
16613,89217.3045282543
16620,70360.59537997798
16621,92939.81541726377
16634,41579.09246936792
16637,89118.27293351432
16639,102258.14942438183
16640,97884.71218768005
16641,57999.69287079147
16651,79995.83689975282
16659,94304.26490995502
16660,56206.72718322664
16684,42388.04944957849
16693,74090.40714320003
16702,45622.819468459624
16705,75562.31927291311
16707,76808.00707751446
16721,72785.30866237692
16722,60878.7507179816
16728,66126.81735551238
16733,68203.22209182986
16746,77819.52945769389
16762,65638.85816582834
16773,53981.231403534424
16778,59063.554097281376
16784,57597.69871866426
16801,60205.78547410086
16814,75373.25250524102
16818,32255.659481495404
16838,47732.26086922007
16854,54044.63294461545
16861,35191.4141016561
16872,50545.07916337883
16873,49919.55445776052
16874,52791.2085446637
16888,42565.54182677008
16889,61397.780858777616
16913,43536.22218523198
16918,65501.628339469666
16924,55407.208477380744
16929,51056.84160305512
16932,59489.29059539397
16937,49053.64695634137
16943,48911.79462533832
